time;index.bend;thumb.bend;little.bend;middle.bend;ring.bend;little.pressure;index.pressure;middle.pressure;thumb.pressure;ring.pressure;emg;orientEulX;orientEulY;orientEulZ;orientQuatX;orientQuatY;orientQuatZ;orientQuatW;linacceleX;linacceleY;linaccelerZ
7667043;5408;4381;5841;5625;5161;477;15;27;15;30;8191;5725;-245;-162;1373;2223;306;16171;0;0;0
7667083;5405;4388;5848;5624;5164;473;30;34;22;27;8191;5725;-245;-162;1373;2223;306;16171;0;0;0
7667123;5397;4388;5848;5624;5161;476;19;23;19;23;8191;5725;-245;-162;1372;2224;306;16171;0;-11;0
7667163;5401;4381;5849;5628;5161;476;22;30;26;27;8191;5725;-245;-162;1372;2224;306;16171;0;0;0
7667203;5405;4384;5848;5621;5164;473;23;34;22;26;8191;5725;-245;-162;1372;2224;306;16171;0;0;0
7667243;5401;4392;5848;5625;5160;480;22;27;11;26;8191;5725;-245;-162;1373;2224;306;16171;0;0;0
7667283;5404;4381;5848;5624;5161;480;18;27;18;27;8191;5725;-245;-162;1373;2224;306;16171;0;0;0
7667323;5405;4381;5853;5621;5160;476;22;19;18;23;8191;5725;-245;-162;1373;2224;306;16171;0;0;0
7667363;5408;4384;5845;5621;5160;469;26;30;19;26;8191;5725;-245;-162;1373;2224;306;16171;-13;0;0
7667403;5401;4388;5845;5628;5164;477;15;27;23;27;8191;5725;-245;-162;1372;2225;306;16171;0;0;0
7667443;5405;4388;5844;5625;5161;472;30;23;22;23;8191;5725;-245;-162;1372;2225;306;16171;0;0;0
7667483;5400;4388;5848;5624;5157;476;27;26;18;22;8191;5725;-245;-162;1372;2225;306;16171;0;0;0
7667523;5400;4381;5848;5621;5160;472;26;27;22;26;8191;5725;-245;-162;1373;2225;306;16171;0;0;0
7667563;5405;4384;5845;5625;5157;476;27;30;18;19;8191;5725;-245;-162;1373;2225;306;16171;0;0;0
7667603;5405;4385;5852;5617;5164;473;15;30;26;22;8191;5725;-245;-162;1373;2225;306;16171;0;0;0
7667643;5409;4385;5848;5624;5168;484;22;26;11;27;8191;5725;-245;-162;1372;2225;305;16171;0;0;0
7667683;5409;4389;5852;5629;5160;473;30;26;22;35;8191;5725;-245;-162;1372;2225;305;16171;0;0;0
7667723;5404;4384;5853;5624;5161;484;26;30;22;22;8191;5725;-245;-162;1372;2225;305;16171;0;0;0
7667763;5404;4385;5845;5628;5157;473;27;38;15;19;8191;5725;-245;-162;1372;2225;305;16171;0;0;0
7667803;5404;4388;5844;5621;5161;477;26;23;23;23;8191;5725;-245;-162;1373;2225;306;16171;0;0;0
7667843;5404;4388;5852;5629;5157;477;26;30;18;26;8191;5725;-245;-162;1373;2225;305;16171;0;0;0
7667883;5416;4385;5845;5628;5157;480;22;26;15;26;8191;5725;-245;-162;1372;2226;305;16171;0;0;0
7667923;5408;4384;5848;5621;5165;484;15;26;22;23;8191;5725;-245;-162;1372;2226;305;16171;0;0;0
7667963;5405;4388;5845;5625;5161;480;34;27;19;26;8191;5725;-245;-162;1372;2226;305;16171;0;0;0
7668003;5404;4385;5845;5625;5160;481;19;31;18;27;8191;5725;-245;-162;1372;2226;305;16171;0;0;0
7668043;5404;4388;5849;5628;5160;476;27;27;22;26;8191;5725;-245;-162;1372;2226;305;16171;0;0;0
7668083;5401;4384;5845;5621;5161;477;22;23;19;26;8191;5725;-245;-162;1372;2226;305;16171;0;0;0
7668123;5408;4384;5845;5624;5157;476;27;30;19;27;8191;5725;-245;-162;1372;2226;305;16171;0;0;0
7668163;5405;4392;5852;5624;5160;480;23;26;14;22;8191;5725;-245;-162;1372;2226;305;16171;0;0;0
7668203;5412;4389;5849;5628;5161;481;23;31;19;27;8191;5725;-245;-162;1372;2226;305;16171;0;0;0
7668243;5405;4384;5848;5625;5160;488;22;27;23;26;8191;5725;-245;-162;1372;2226;305;16171;0;0;0
7668283;5405;4389;5844;5617;5161;476;26;27;19;27;8191;5725;-245;-162;1372;2226;305;16171;0;0;0
7668323;5404;4392;5853;5625;5164;481;19;22;15;23;8191;5725;-245;-162;1372;2226;305;16171;0;0;0
7668363;5408;4384;5849;5621;5165;480;26;26;19;26;8191;5725;-245;-162;1372;2226;305;16171;0;0;0
7668403;5409;4392;5852;5624;5157;480;18;23;23;27;8191;5725;-245;-162;1372;2226;305;16171;0;0;0
7668443;5409;4385;5848;5625;5164;476;23;26;18;30;8191;5725;-245;-162;1372;2226;305;16171;0;0;0
7668483;5405;4384;5849;5617;5160;484;19;19;11;26;8191;5725;-245;-162;1372;2226;305;16171;0;0;0
7668523;5409;4385;5849;5625;5161;484;26;30;18;26;8191;5725;-245;-162;1372;2226;305;16171;0;0;0
7668563;5408;4388;5848;5625;5161;481;26;27;18;22;8191;5725;-245;-162;1372;2226;305;16171;0;0;0
7668603;5405;4384;5853;5625;5165;484;31;30;14;26;8191;5725;-245;-162;1372;2226;305;16171;0;0;0
7668643;5400;4388;5852;5629;5161;480;27;34;18;23;8191;5725;-245;-162;1372;2226;305;16171;0;0;0
7668733;5405;4384;5848;5628;5160;476;11;23;18;26;8191;5725;-245;-162;1372;2226;305;16171;0;0;0
7668773;5404;4388;5848;5629;5161;477;26;22;11;26;8191;5725;-245;-162;1372;2226;305;16171;0;0;0
7668813;5405;4385;5856;5625;5161;476;26;27;26;19;8191;5725;-245;-162;1372;2226;305;16171;0;0;0
7668853;5401;4385;5845;5621;5161;477;18;26;14;34;8191;5725;-245;-162;1372;2226;305;16171;0;0;0
7668893;5404;4384;5844;5620;5157;473;22;26;19;23;8191;5725;-245;-162;1372;2226;305;16171;0;0;0
7668933;5401;4385;5849;5625;5160;476;23;22;18;27;8191;5725;-245;-162;1372;2226;305;16171;0;0;0
7668973;5404;4388;5845;5625;5165;477;19;26;18;23;8191;5725;-245;-162;1372;2226;305;16171;0;0;0
7669013;5404;4385;5845;5624;5157;477;23;27;15;23;8191;5725;-245;-162;1372;2226;305;16171;0;0;0
7669053;5405;4381;5849;5628;5161;480;22;19;26;23;8191;5725;-245;-162;1372;2226;305;16171;0;0;0
7669093;5404;4380;5845;5625;5164;476;19;34;14;30;8191;5725;-245;-162;1372;2226;305;16171;0;0;0
7669133;5404;4385;5848;5621;5160;477;19;27;18;27;8191;5725;-245;-162;1372;2226;305;16171;0;0;0
7669173;5405;4389;5845;5629;5161;480;34;23;19;30;8191;5725;-245;-162;1372;2226;305;16171;0;0;0
7669213;5408;4385;5848;5628;5164;480;15;26;15;26;8191;5725;-245;-162;1372;2226;305;16171;0;0;0
7669253;5409;4389;5848;5621;5157;481;27;15;22;22;8191;5725;-245;-162;1372;2226;305;16171;0;0;0
7669293;5405;4388;5845;5624;5161;477;19;27;30;23;8191;5725;-245;-162;1372;2226;305;16171;0;0;0
7669333;5409;4392;5845;5621;5156;477;23;23;22;27;8191;5725;-245;-162;1372;2226;305;16171;0;0;0
7669373;5401;4385;5845;5620;5157;481;23;26;26;23;8191;5725;-245;-162;1372;2226;305;16171;0;0;0
7669413;5404;4385;5849;5625;5165;480;34;27;18;23;8191;5725;-245;-162;1372;2226;305;16171;0;0;0
7669453;5404;4381;5849;5625;5161;481;30;30;26;30;8191;5725;-245;-162;1372;2226;305;16171;0;0;0
7669493;5405;4377;5840;5625;5157;481;23;19;22;27;8191;5725;-245;-162;1372;2226;305;16171;0;0;0
7669533;5405;4384;5848;5628;5160;480;23;27;10;23;8191;5725;-245;-162;1372;2226;305;16171;0;0;0
7669573;5405;4384;5841;5624;5160;480;19;23;19;30;8191;5725;-245;-162;1372;2226;305;16171;0;0;0
7669613;5405;4389;5848;5624;5161;480;26;26;19;27;8191;5725;-245;-162;1372;2226;305;16171;0;0;0
7669653;5404;4385;5844;5624;5157;481;22;23;15;26;8191;5725;-245;-162;1372;2226;305;16171;0;0;0
7669693;5405;4384;5848;5617;5156;477;23;31;14;31;8191;5725;-245;-162;1372;2226;305;16171;0;0;0
7669733;5404;4388;5844;5620;5161;477;30;23;15;26;8191;5725;-245;-162;1372;2226;305;16171;0;0;0
7669773;5405;4397;5841;5625;5161;469;27;23;19;30;8191;5725;-245;-162;1372;2226;305;16171;0;0;0
7669813;5401;4384;5841;5628;5157;477;22;27;23;26;8191;5725;-245;-162;1372;2226;305;16171;0;0;0
7669853;5404;4388;5849;5624;5156;481;11;27;23;27;8191;5725;-245;-162;1372;2226;305;16171;0;0;0
7669893;5404;4384;5840;5629;5160;476;22;27;14;23;8191;5725;-245;-162;1372;2226;305;16171;0;0;0
7669933;5401;4388;5841;5628;5160;477;27;27;26;26;8191;5725;-245;-162;1372;2226;305;16171;0;0;0
7669973;5401;4388;5849;5624;5161;480;19;27;23;26;8191;5725;-245;-162;1372;2226;305;16171;0;0;0
7670013;5405;4381;5845;5624;5161;477;22;27;34;19;8191;5725;-245;-162;1372;2226;305;16171;0;0;0
7670053;5405;4384;5849;5628;5161;484;26;27;11;30;8191;5725;-245;-162;1372;2226;305;16171;0;0;0
7670093;5401;4389;5844;5624;5156;485;22;26;18;22;8191;5725;-245;-162;1372;2226;305;16171;0;0;0
7670133;5401;4384;5845;5620;5157;480;30;30;23;26;8191;5725;-245;-162;1372;2226;305;16171;0;0;0
7670173;5400;4385;5845;5628;5164;469;18;27;18;22;8191;5725;-245;-162;1372;2226;305;16171;0;0;0
7670213;5401;4385;5848;5625;5157;484;18;23;15;23;8191;5725;-245;-162;1372;2226;305;16171;0;0;0
7670253;5405;4388;5841;5625;5156;473;26;23;23;27;8191;5725;-245;-162;1372;2226;305;16171;0;0;0
7670293;5404;4389;5845;5628;5161;472;26;26;15;22;8191;5725;-245;-162;1372;2226;305;16171;0;0;0
7670333;5404;4380;5844;5628;5156;477;22;30;19;31;8191;5725;-245;-162;1372;2226;305;16171;0;0;0
7670373;5408;4388;5848;5621;5161;476;22;27;19;26;8191;5725;-245;-162;1372;2226;305;16171;0;0;0
7670413;5404;4388;5844;5624;5157;476;26;27;14;23;8191;5725;-245;-162;1372;2226;305;16171;0;0;0
7670503;5408;4385;5840;5625;5164;477;22;34;19;22;8191;5725;-245;-162;1372;2226;305;16171;0;0;0
7670543;5404;4385;5841;5625;5160;477;23;26;27;30;8191;5725;-245;-162;1372;2226;305;16171;0;0;0
7670583;5405;4388;5845;5624;5161;472;23;27;19;26;8191;5725;-245;-162;1372;2226;305;16171;0;0;0
7670623;5408;4388;5848;5624;5161;469;26;26;22;30;8191;5725;-245;-162;1372;2226;305;16171;0;0;0
7670663;5405;4384;5845;5628;5161;476;26;26;22;30;8191;5725;-245;-162;1372;2226;305;16171;0;0;0
7670703;5404;4384;5849;5621;5164;484;23;26;26;27;8191;5725;-245;-162;1372;2226;305;16171;0;0;0
7670743;5408;4385;5845;5625;5160;477;22;26;23;27;8191;5725;-245;-162;1372;2226;305;16171;0;0;0
7670783;5408;4388;5845;5624;5160;477;26;23;14;23;8191;5725;-245;-162;1372;2226;305;16171;0;0;0
7670823;5408;4385;5849;5624;5157;481;22;26;22;34;8191;5725;-245;-162;1372;2226;305;16171;0;0;0
7670863;5404;4380;5848;5620;5160;477;26;30;18;26;8191;5725;-245;-162;1372;2226;305;16171;0;0;0
7670903;5405;4389;5848;5628;5164;476;26;26;26;27;8191;5725;-245;-162;1372;2226;305;16171;0;0;0
7670943;5401;4393;5848;5633;5160;473;22;22;22;22;8191;5725;-245;-162;1372;2226;305;16171;0;0;0
7670983;5405;4385;5841;5621;5161;477;26;27;18;23;8191;5725;-245;-162;1372;2226;305;16171;0;0;0
7671023;5408;4385;5845;5629;5160;477;23;30;26;26;8191;5725;-245;-162;1372;2226;305;16171;0;0;0
7671063;5408;4385;5845;5621;5161;476;18;26;19;23;8191;5725;-245;-162;1372;2226;305;16171;0;0;0
7671103;5405;4385;5841;5624;5164;477;22;27;22;19;8191;5725;-245;-162;1373;2226;305;16171;0;0;0
7671143;5405;4384;5845;5621;5157;477;26;22;18;19;8191;5725;-246;-162;1372;2227;306;16171;0;0;0
7671183;5404;4388;5852;5628;5157;477;22;30;22;26;8191;5725;-246;-162;1371;2228;306;16171;0;0;0
7671223;5393;4385;5849;5621;5161;480;26;30;18;23;8191;5725;-246;-162;1371;2228;306;16171;0;0;0
7671263;5404;4389;5848;5624;5157;473;22;34;18;30;8191;5725;-246;-162;1370;2229;306;16171;0;0;0
7671303;5412;4388;5848;5625;5161;477;22;34;22;23;8191;5725;-246;-162;1369;2228;306;16171;0;0;0
7671343;5408;4388;5845;5620;5164;480;26;31;18;26;8191;5725;-246;-162;1369;2230;306;16171;0;0;0
7671383;5408;4384;5837;5629;5156;481;27;23;14;34;8191;5725;-246;-162;1369;2230;306;16171;0;0;0
7671423;5401;4384;5845;5628;5160;480;26;27;27;22;8191;5725;-246;-162;1369;2230;306;16171;0;0;0
7671463;5412;4384;5856;5621;5161;476;26;30;23;26;8191;5725;-246;-162;1369;2230;306;16171;0;0;0
7671503;5404;4388;5845;5624;5160;480;22;23;19;23;8191;5725;-246;-162;1369;2230;306;16171;0;0;0
7671543;5404;4384;5856;5625;5164;480;22;26;22;23;8191;5725;-246;-162;1369;2230;306;16171;0;0;0
7671583;5405;4385;5845;5624;5157;477;30;34;18;35;8191;5725;-246;-162;1369;2230;306;16171;0;0;0
7671623;5404;4389;5845;5621;5160;480;22;22;26;26;8191;5725;-246;-162;1369;2230;306;16171;0;0;0
7671663;5401;4385;5848;5628;5160;476;34;26;22;30;8191;5725;-246;-162;1369;2230;306;16171;0;0;0
7671703;5408;4385;5848;5621;5165;480;23;22;22;23;8191;5725;-246;-162;1369;2230;306;16171;0;0;0
7671743;5404;4389;5848;5621;5157;476;26;23;26;23;8191;5725;-246;-162;1369;2230;306;16171;0;0;0
7671783;5405;4381;5848;5621;5164;480;27;26;18;26;8191;5725;-246;-162;1369;2230;306;16171;0;0;0
7671823;5409;4385;5848;5624;5160;480;30;26;15;27;8191;5725;-246;-162;1369;2230;306;16171;0;0;0
7671863;5405;4392;5849;5629;5161;476;19;30;15;23;8191;5725;-246;-162;1369;2230;306;16171;0;0;0
7671903;5404;4385;5845;5621;5160;481;26;26;18;26;8191;5725;-246;-162;1369;2230;306;16171;0;0;0
7671943;5405;4392;5845;5624;5157;481;23;30;23;23;8191;5725;-246;-162;1369;2230;306;16171;0;0;0
7671983;5401;4388;5845;5624;5164;476;22;30;15;26;8191;5725;-246;-162;1369;2230;306;16171;0;0;0
7672023;5405;4381;5849;5625;5160;480;19;23;19;23;8191;5725;-246;-162;1369;2230;306;16171;0;0;0
7672063;5408;4388;5845;5629;5161;477;18;30;19;23;8191;5725;-246;-162;1369;2230;306;16171;0;0;0
7672103;5405;4385;5848;5621;5165;477;19;23;19;34;8191;5725;-246;-162;1369;2230;306;16171;0;0;0
7672143;5401;4389;5848;5628;5161;477;30;30;19;27;8191;5725;-246;-162;1369;2230;306;16171;0;0;0
7672183;5408;4388;5852;5628;5160;477;22;27;23;26;8191;5725;-246;-162;1369;2230;306;16171;0;0;0
7672273;5409;4385;5852;5629;5165;481;23;22;11;22;8191;5725;-246;-162;1369;2230;306;16171;0;0;0
7672313;5405;4389;5852;5621;5161;480;30;34;26;30;8191;5725;-246;-162;1369;2230;306;16171;0;0;0
7672353;5404;4393;5844;5625;5157;477;19;22;18;31;8191;5725;-246;-162;1369;2230;306;16171;0;0;0
7672393;5405;4384;5848;5625;5164;476;23;22;18;30;8191;5725;-246;-162;1369;2230;306;16171;0;0;0
7672433;5397;4385;5845;5628;5157;480;30;26;18;27;8191;5725;-246;-162;1369;2230;306;16171;0;0;0
7672473;5405;4385;5840;5625;5161;473;19;26;19;23;8191;5725;-246;-162;1369;2230;306;16171;0;0;0
7672513;5401;4388;5849;5621;5157;477;34;22;19;23;8191;5725;-246;-162;1369;2230;306;16171;0;0;0
7672553;5408;4384;5848;5625;5161;473;26;23;26;30;8191;5725;-246;-162;1369;2230;306;16171;0;0;0
7672593;5405;4385;5848;5625;5160;477;23;23;18;26;8191;5725;-246;-162;1369;2230;306;16171;0;0;0
7672633;5408;4389;5848;5625;5160;481;22;30;18;26;8191;5725;-246;-162;1369;2230;306;16171;0;0;0
7672673;5404;4381;5849;5629;5157;476;26;27;18;34;8191;5725;-246;-162;1369;2230;306;16171;0;0;0
7672713;5408;4388;5841;5625;5165;477;15;27;18;26;8191;5725;-246;-162;1369;2230;306;16171;0;0;0
7672753;5404;4381;5849;5625;5161;480;19;26;11;30;8191;5725;-246;-162;1369;2230;306;16171;0;0;0
7672793;5405;4385;5849;5625;5161;473;26;19;18;23;8191;5725;-246;-162;1369;2230;306;16171;0;0;0
7672833;5405;4377;5844;5624;5157;477;19;26;15;22;8191;5725;-246;-162;1369;2230;306;16171;0;0;0
7672873;5401;4380;5844;5620;5156;480;22;27;22;27;8191;5725;-246;-162;1369;2230;306;16171;0;0;0
7672913;5404;4389;5845;5628;5157;480;27;26;15;23;8191;5725;-246;-162;1369;2230;306;16171;0;0;0
7672953;5408;4385;5849;5624;5157;477;22;31;18;23;8191;5725;-246;-162;1369;2230;306;16171;0;0;0
7672993;5405;4389;5845;5620;5157;477;18;26;15;26;8191;5725;-246;-162;1369;2230;306;16171;0;0;0
7673033;5401;4384;5845;5628;5157;477;30;27;18;27;8191;5725;-246;-162;1369;2230;306;16171;0;0;0
7673073;5409;4388;5845;5629;5161;480;26;27;18;22;8191;5725;-246;-162;1369;2230;306;16171;0;0;0
7673113;5409;4385;5845;5625;5164;481;23;19;15;23;8191;5725;-246;-162;1369;2230;306;16171;0;0;0
7673153;5405;4381;5852;5624;5160;480;27;27;22;19;8191;5725;-246;-162;1369;2230;306;16171;0;0;0
7673193;5409;4389;5852;5625;5160;473;23;26;15;30;8191;5725;-246;-162;1369;2230;306;16171;0;0;0
7673233;5408;4389;5849;5629;5161;480;26;22;27;26;8191;5725;-246;-162;1369;2230;306;16171;0;0;0
7673273;5405;4381;5844;5629;5164;476;11;26;18;23;8191;5725;-246;-162;1369;2230;306;16171;0;0;0
7673313;5401;4385;5844;5624;5157;472;26;22;18;26;8191;5725;-246;-162;1369;2230;306;16171;0;0;0
7673353;5401;4385;5845;5624;5161;480;22;23;19;26;8191;5725;-246;-162;1369;2230;306;16171;0;0;0
7673393;5401;4388;5848;5625;5160;472;26;23;22;30;8191;5725;-246;-162;1369;2230;306;16171;0;0;0
7673433;5404;4389;5841;5624;5157;481;19;30;26;26;8191;5725;-246;-162;1369;2230;306;16171;0;0;0
7673473;5408;4381;5845;5624;5160;480;18;23;23;26;8191;5725;-246;-162;1369;2230;306;16171;0;0;0
7673513;5404;4385;5848;5621;5161;480;22;26;22;22;8191;5725;-246;-162;1369;2230;306;16171;0;0;0
7673553;5401;4384;5849;5621;5161;481;18;31;14;26;8191;5725;-246;-162;1369;2230;306;16171;0;0;0
7673593;5405;4384;5856;5628;5161;480;26;26;26;27;8191;5725;-246;-162;1369;2230;306;16171;0;0;0
7673633;5404;4392;5841;5625;5157;484;26;26;15;26;8191;5725;-246;-162;1369;2230;306;16171;0;0;0
7673673;5408;4389;5841;5621;5157;480;23;26;19;26;8191;5725;-246;-162;1369;2230;306;16171;0;0;0
7673713;5400;4388;5852;5621;5157;476;30;31;18;23;8191;5725;-246;-162;1369;2230;306;16171;0;0;0
7673753;5401;4381;5844;5621;5157;477;23;34;30;27;8191;5725;-246;-162;1369;2230;306;16171;0;0;0
7673793;5404;4384;5845;5625;5164;481;26;26;19;30;8191;5725;-246;-162;1369;2230;306;16171;0;0;0
7673833;5397;4384;5841;5624;5157;480;23;26;18;23;8191;5725;-246;-162;1369;2230;306;16171;0;0;0
7673873;5404;4385;5852;5625;5161;477;18;30;18;30;8191;5725;-246;-162;1369;2230;306;16171;0;0;0
7673913;5405;4377;5844;5625;5157;481;19;30;22;26;8191;5725;-246;-162;1369;2230;306;16171;0;0;0
7673953;5404;4381;5849;5620;5160;480;27;27;22;23;8191;5725;-246;-162;1369;2230;306;16171;0;0;0
7674043;5408;4392;5848;5628;5164;477;18;27;18;30;8191;5725;-246;-162;1369;2230;306;16171;0;0;0
7674083;5401;4389;5849;5624;5161;484;27;22;22;23;8191;5725;-246;-162;1369;2230;306;16171;0;0;0
7674123;5401;4388;5845;5624;5165;476;18;15;14;27;8191;5725;-246;-162;1369;2230;306;16171;0;0;0
7674163;5404;4392;5845;5621;5160;481;27;30;15;30;8191;5725;-246;-162;1369;2230;306;16171;0;0;0
7674203;5401;4384;5849;5625;5157;473;23;34;27;26;8191;5725;-246;-162;1369;2230;306;16171;0;0;0
7674243;5405;4388;5844;5621;5160;481;26;31;18;27;8191;5725;-246;-162;1369;2230;306;16171;0;10;0
7674283;5405;4377;5845;5617;5160;480;30;27;26;26;8191;5725;-246;-162;1369;2230;306;16171;0;0;0
7674323;5404;4385;5848;5624;5160;480;23;27;14;23;8191;5725;-246;-162;1369;2230;306;16171;0;0;0
7674363;5405;4388;5848;5628;5157;480;26;30;18;26;8191;5725;-246;-162;1369;2230;306;16171;0;0;0
7674403;5404;4381;5845;5625;5161;481;19;19;18;26;8191;5725;-246;-162;1369;2230;306;16171;0;0;0
7674443;5405;4384;5848;5620;5156;473;22;30;19;23;8191;5725;-246;-162;1369;2230;306;16171;0;0;0
7674483;5401;4385;5844;5625;5160;473;27;30;22;23;8191;5725;-246;-162;1369;2230;306;16171;0;0;0
7674523;5408;4384;5848;5628;5164;481;23;23;26;30;8191;5725;-246;-162;1369;2230;306;16171;0;0;0
7674563;5405;4388;5845;5629;5160;480;23;26;26;23;8191;5725;-246;-162;1369;2230;306;16171;0;0;0
7674603;5405;4381;5848;5625;5156;488;26;30;18;26;8191;5725;-246;-162;1369;2230;306;16171;0;0;0
7674643;5405;4385;5845;5624;5161;481;22;19;26;27;8191;5725;-246;-162;1369;2230;306;16171;0;0;0
7674683;5404;4385;5848;5624;5164;480;19;19;15;26;8191;5725;-246;-162;1369;2230;306;16171;0;0;0
7674723;5400;4388;5849;5628;5160;476;22;26;10;27;8191;5725;-246;-162;1369;2230;306;16171;0;0;0
7674763;5400;4385;5848;5624;5161;477;26;34;19;23;8191;5725;-246;-162;1369;2230;306;16171;0;0;0
7674803;5404;4385;5849;5629;5161;480;26;26;18;26;8191;5725;-246;-162;1369;2230;306;16171;0;0;0
7674843;5401;4385;5848;5621;5164;477;31;27;18;26;8191;5725;-246;-162;1369;2230;306;16171;0;0;0
7674883;5400;4389;5849;5625;5160;477;19;27;23;26;8191;5725;-246;-162;1369;2230;306;16171;0;0;0
7674923;5401;4389;5845;5625;5164;480;30;26;14;34;8191;5725;-246;-162;1369;2230;306;16171;0;0;0
7674963;5397;4385;5844;5624;5165;480;31;34;23;27;8191;5725;-246;-162;1369;2230;306;16171;0;0;0
7675003;5408;4388;5849;5625;5157;476;26;34;14;30;8191;5725;-246;-162;1369;2230;306;16171;0;0;0
7675043;5401;4385;5849;5621;5161;480;34;34;14;27;8191;5725;-246;-162;1369;2230;306;16171;0;0;0
7675083;5408;4384;5852;5628;5161;480;22;30;22;27;8191;5725;-246;-162;1369;2230;306;16171;0;0;0
7675123;5408;4388;5849;5620;5157;477;22;30;19;26;8191;5725;-246;-162;1369;2230;306;16171;0;0;0
7675163;5405;4388;5849;5620;5161;476;22;27;22;27;8191;5725;-246;-162;1369;2230;306;16171;0;0;0
7675203;5404;4388;5845;5629;5164;481;26;30;14;27;8191;5725;-246;-162;1369;2230;306;16171;0;0;0
7675243;5401;4385;5849;5625;5164;481;26;30;23;22;8191;5725;-246;-162;1369;2230;306;16171;0;0;0
7675283;5401;4381;5844;5628;5160;477;27;26;22;34;8191;5725;-246;-162;1369;2230;306;16171;0;0;0
7675323;5401;4388;5845;5628;5157;484;26;23;19;31;8191;5725;-246;-162;1369;2230;306;16171;0;0;0
7675363;5408;4381;5849;5628;5161;469;26;30;22;26;8191;5725;-246;-162;1369;2230;306;16171;0;0;0
7675403;5404;4389;5853;5624;5160;480;23;30;18;26;8191;5725;-246;-162;1369;2230;306;16171;0;0;0
7675443;5404;4381;5848;5625;5160;480;23;23;14;22;8191;5725;-246;-162;1369;2230;306;16171;0;0;0
7675483;5404;4384;5848;5628;5164;477;23;23;15;30;8191;5725;-246;-162;1369;2230;306;16171;0;0;0
7675523;5408;4385;5844;5624;5160;484;27;31;18;27;8191;5725;-246;-162;1369;2230;306;16171;0;0;0
7675563;5405;4385;5852;5625;5157;484;22;26;19;27;8191;5725;-246;-162;1369;2230;306;16171;0;0;0
7675603;5405;4388;5844;5624;5161;480;23;30;18;19;8191;5725;-246;-162;1369;2230;306;16171;0;0;0
7675643;5405;4385;5845;5621;5161;481;15;26;19;23;8191;5725;-246;-162;1369;2230;306;16171;0;0;0
7675683;5401;4381;5848;5629;5160;481;22;30;15;27;8191;5725;-246;-162;1369;2230;306;16171;0;0;0
7675723;5404;4389;5849;5629;5157;473;30;30;19;23;8191;5725;-246;-162;1369;2230;306;16171;0;0;0
7675813;5404;4384;5845;5625;5161;473;23;31;19;23;8191;5725;-246;-162;1369;2230;306;16171;0;0;0
7675853;5405;4385;5852;5624;5161;477;23;23;18;26;8191;5725;-246;-162;1369;2230;306;16171;0;0;0
7675893;5401;4381;5845;5620;5157;476;26;30;11;22;8191;5725;-246;-162;1369;2230;306;16171;0;0;0
7675933;5401;4385;5848;5617;5161;481;22;22;15;23;8191;5725;-246;-162;1369;2230;306;16171;0;0;0
7675973;5412;4380;5845;5625;5156;480;27;27;19;23;8191;5725;-246;-162;1369;2230;306;16171;0;0;0
7676013;5401;4384;5849;5621;5160;484;22;34;19;23;8191;5725;-246;-162;1369;2230;306;16171;0;0;0
7676053;5401;4381;5848;5621;5160;476;27;34;23;30;8191;5725;-246;-162;1369;2230;306;16171;0;0;0
7676093;5400;4381;5845;5624;5157;484;26;19;22;27;8191;5725;-246;-162;1369;2230;306;16171;0;0;0
7676133;5404;4381;5848;5625;5161;488;23;19;18;27;8191;5725;-246;-162;1369;2230;306;16171;0;0;0
7676173;5401;4385;5848;5624;5161;480;26;27;23;26;8191;5725;-246;-162;1369;2230;306;16171;0;0;0
7676213;5404;4388;5849;5621;5160;484;27;26;18;23;8191;5725;-246;-162;1369;2230;306;16171;0;0;0
7676253;5397;4388;5852;5621;5161;477;26;22;22;30;8191;5725;-246;-162;1369;2229;306;16171;0;0;0
7676293;5401;4385;5845;5624;5160;477;22;26;26;23;8191;5725;-246;-162;1369;2229;306;16171;0;0;0
7676333;5401;4384;5841;5628;5157;488;22;23;18;30;8191;5725;-246;-162;1369;2229;306;16171;0;0;0
7676373;5401;4384;5845;5625;5161;480;34;22;11;26;8191;5725;-246;-162;1369;2229;306;16171;0;0;0
7676413;5405;4385;5845;5621;5160;480;22;31;15;26;8191;5725;-246;-162;1369;2229;306;16171;0;0;0
7676453;5408;4389;5844;5624;5160;476;26;23;22;23;8191;5725;-246;-162;1369;2229;306;16171;0;0;0
7676493;5404;4381;5852;5621;5160;477;19;19;15;26;8191;5725;-246;-162;1369;2229;306;16171;0;0;0
7676533;5405;4388;5849;5636;5157;469;26;30;18;27;8191;5725;-246;-162;1369;2229;306;16171;0;0;0
7676573;5401;4385;5848;5629;5157;481;27;23;15;34;8191;5725;-246;-162;1369;2229;306;16171;0;0;0
7676613;5405;4385;5844;5628;5157;476;26;26;15;26;8191;5725;-246;-162;1369;2229;306;16171;0;0;0
7676653;5404;4385;5848;5624;5160;476;22;30;22;26;8191;5725;-246;-162;1369;2229;306;16171;0;0;0
7676693;5404;4389;5845;5624;5157;480;19;26;18;23;8191;5725;-246;-162;1369;2229;306;16171;0;0;0
7676733;5404;4384;5844;5621;5157;480;22;23;19;30;8191;5725;-246;-162;1369;2229;306;16171;0;0;0
7676773;5404;4389;5848;5621;5160;476;22;26;10;22;8191;5725;-246;-162;1369;2229;306;16171;0;0;0
7676813;5404;4381;5844;5621;5157;477;26;26;19;26;8191;5725;-246;-162;1369;2229;306;16171;0;0;0
7676853;5404;4381;5848;5628;5161;477;18;22;23;26;8191;5725;-246;-162;1369;2229;306;16171;0;0;0
7676893;5405;4385;5848;5629;5161;477;22;26;15;23;8191;5725;-246;-162;1369;2229;306;16171;0;0;0
7676933;5401;4385;5848;5621;5161;477;26;26;18;22;8191;5725;-246;-162;1369;2229;306;16171;0;0;0
7676973;5401;4389;5849;5628;5160;469;34;22;15;30;8191;5725;-246;-162;1369;2229;306;16171;0;0;0
7677013;5400;4385;5849;5621;5160;484;23;15;15;26;8191;5725;-246;-162;1369;2229;306;16171;0;0;0
7677053;5405;4385;5848;5621;5157;476;23;26;22;27;8191;5725;-246;-162;1369;2229;306;16171;0;0;0
7677093;5404;4384;5841;5624;5157;481;26;34;18;26;8191;5725;-246;-162;1369;2229;306;16171;0;0;0
7677133;5408;4384;5848;5621;5156;480;22;30;23;34;8191;5725;-246;-162;1369;2229;306;16171;0;0;0
7677173;5405;4393;5836;5621;5164;476;23;26;18;31;8191;5725;-246;-162;1369;2229;306;16171;0;0;0
7677213;5413;4388;5845;5621;5156;480;22;23;18;23;8191;5725;-246;-162;1369;2229;306;16171;0;0;0
7677253;5400;4380;5848;5628;5157;473;22;23;18;27;8191;5725;-246;-162;1369;2229;306;16171;0;0;0
7677293;5397;4384;5845;5621;5160;476;19;23;19;26;8191;5725;-246;-162;1369;2229;306;16171;0;0;0
7677333;5405;4384;5844;5625;5165;480;19;30;19;30;8191;5725;-246;-162;1369;2229;306;16171;0;0;0
7677373;5405;4389;5848;5624;5157;480;27;23;23;27;8191;5725;-246;-162;1369;2229;306;16171;0;0;0
7677413;5405;4384;5845;5617;5161;472;19;23;15;30;8191;5725;-246;-162;1369;2229;306;16171;0;0;0
7677453;5405;4384;5845;5624;5156;473;23;26;22;34;8191;5725;-246;-162;1369;2229;306;16171;0;0;0
7677493;5401;4384;5845;5628;5160;480;23;30;19;23;8191;5725;-246;-162;1369;2229;306;16171;0;0;0
7677583;5405;4385;5845;5628;5157;477;23;26;18;22;8191;5725;-246;-162;1369;2229;306;16171;0;0;0
7677623;5404;4384;5849;5621;5161;484;23;23;19;27;8191;5725;-246;-162;1369;2229;306;16171;0;0;0
7677663;5404;4385;5845;5625;5157;477;31;30;15;23;8191;5725;-246;-162;1369;2229;306;16171;0;0;0
7677703;5401;4385;5848;5620;5160;472;19;27;26;22;8191;5725;-246;-162;1369;2229;306;16171;0;0;0
7677743;5408;4384;5852;5621;5160;477;30;19;26;26;8191;5725;-246;-162;1369;2229;306;16171;0;0;0
7677783;5401;4384;5845;5625;5156;473;26;26;22;26;8191;5725;-246;-162;1369;2229;306;16171;0;0;0
7677823;5409;4384;5844;5628;5164;485;18;27;15;23;8191;5725;-246;-162;1369;2229;306;16171;0;0;0
7677863;5404;4385;5849;5625;5161;480;19;22;22;22;8191;5725;-246;-162;1369;2229;306;16171;0;0;0
7677903;5400;4385;5841;5624;5160;481;15;26;15;30;8191;5725;-246;-162;1369;2229;306;16171;0;0;0
7677943;5405;4388;5845;5625;5161;481;23;22;18;19;8191;5725;-246;-162;1369;2229;306;16171;0;0;0
7677983;5409;4392;5849;5620;5160;484;23;30;19;26;8191;5725;-246;-162;1369;2229;306;16171;0;0;0
7678023;5404;4388;5852;5621;5164;480;27;22;26;34;8191;5725;-246;-162;1369;2229;306;16171;0;0;0
7678063;5404;4393;5844;5624;5160;477;26;26;22;23;8191;5725;-246;-162;1369;2229;306;16171;0;0;0
7678103;5401;4384;5849;5620;5156;484;14;30;14;23;8191;5725;-246;-162;1369;2229;306;16171;0;0;0
7678143;5401;4384;5845;5625;5160;480;15;23;22;30;8191;5725;-246;-162;1369;2229;306;16171;0;0;0
7678183;5408;4384;5845;5624;5157;484;22;30;19;19;8191;5725;-246;-162;1369;2229;306;16171;0;0;0
7678223;5401;4388;5848;5624;5160;473;26;30;23;31;8191;5725;-246;-162;1369;2229;306;16171;0;0;0
7678263;5401;4388;5845;5621;5161;477;26;26;22;26;8191;5725;-246;-162;1369;2229;306;16171;0;0;0
7678303;5405;4388;5845;5625;5157;476;26;26;26;26;8191;5725;-246;-162;1369;2229;306;16171;0;0;0
7678343;5404;4385;5849;5624;5161;481;26;31;18;26;8191;5725;-246;-162;1369;2229;306;16171;0;0;0
7678383;5408;4381;5849;5625;5160;480;19;30;19;27;8191;5725;-246;-162;1369;2229;306;16171;0;0;0
7678423;5400;4388;5848;5624;5160;481;30;27;22;19;8191;5725;-246;-162;1369;2229;306;16171;0;0;0
7678463;5405;4381;5844;5621;5152;477;22;34;26;26;8191;5725;-246;-162;1369;2229;306;16171;0;0;0
7678503;5404;4385;5845;5625;5165;472;26;23;11;23;8191;5725;-246;-162;1369;2229;306;16171;0;0;0
7678543;5405;4384;5849;5628;5161;477;19;30;18;27;8191;5725;-246;-162;1369;2229;306;16171;0;0;0
7678583;5404;4392;5848;5621;5161;480;26;27;18;27;8191;5725;-246;-162;1369;2229;306;16171;0;0;0
7678623;5405;4385;5848;5625;5160;480;31;30;19;26;8191;5725;-246;-162;1369;2229;306;16171;0;0;0
7678663;5408;4388;5844;5629;5156;481;27;30;10;23;8191;5725;-246;-162;1369;2229;306;16171;0;0;0
7678703;5408;4388;5848;5624;5157;477;19;27;19;30;8191;5725;-246;-162;1369;2229;306;16171;0;0;0
7678743;5408;4381;5844;5616;5160;480;18;27;22;30;8191;5725;-246;-162;1369;2229;306;16171;0;0;0
7678783;5405;4388;5844;5628;5160;484;27;27;22;22;8191;5725;-246;-162;1369;2229;306;16171;0;0;0
7678823;5405;4388;5844;5624;5165;480;26;30;22;30;8191;5725;-246;-162;1369;2229;306;16171;0;0;0
7678863;5405;4381;5841;5624;5156;481;19;27;26;26;8191;5725;-246;-162;1369;2229;306;16171;0;0;0
7678903;5404;4385;5848;5628;5160;480;30;27;22;27;8191;5725;-246;-162;1369;2229;306;16171;0;0;0
7678943;5400;4384;5845;5621;5156;484;23;31;22;22;8191;5725;-246;-162;1369;2229;306;16171;0;0;0
7678983;5405;4380;5849;5625;5165;473;18;26;26;23;8191;5725;-246;-162;1369;2229;306;16171;0;0;0
7679023;5404;4384;5841;5621;5161;477;27;23;18;26;8191;5725;-246;-162;1369;2229;306;16171;0;0;0
7679063;5404;4385;5844;5624;5160;480;14;26;26;27;8191;5725;-246;-162;1369;2229;306;16171;0;0;0
7679103;5401;4385;5849;5620;5157;480;18;26;15;22;8191;5725;-246;-162;1369;2229;306;16171;0;0;0
7679143;5404;4381;5845;5625;5160;473;23;19;27;35;8191;5725;-246;-162;1369;2229;306;16171;0;0;0
7679183;5401;4381;5849;5620;5157;481;19;27;19;26;8191;5725;-246;-162;1369;2229;306;16171;0;0;0
7679223;5408;4384;5841;5625;5160;481;23;31;14;26;8191;5725;-246;-162;1369;2229;306;16171;0;0;0
7679263;5405;4380;5849;5624;5160;476;30;34;14;30;8191;5725;-246;-162;1369;2229;306;16171;0;0;0
7679353;5408;4384;5840;5621;5160;485;19;30;18;23;8191;5725;-246;-162;1369;2229;306;16171;0;0;0
7679393;5404;4388;5848;5624;5157;472;19;27;22;26;8191;5725;-246;-162;1369;2229;306;16171;0;0;0
7679433;5404;4384;5848;5620;5161;480;11;34;19;34;8191;5725;-246;-162;1369;2229;306;16171;0;0;0
7679473;5405;4384;5844;5629;5157;477;26;27;18;31;8191;5725;-246;-162;1369;2229;306;16171;0;0;0
7679513;5405;4389;5849;5629;5161;476;22;26;22;26;8191;5725;-246;-162;1369;2229;306;16171;0;0;0
7679553;5404;4385;5849;5625;5161;477;26;30;15;27;8191;5725;-246;-162;1369;2229;306;16171;0;0;0
7679593;5408;4389;5845;5620;5161;481;30;26;26;30;8191;5725;-246;-162;1369;2229;306;16171;0;0;0
7679633;5400;4377;5840;5624;5164;477;30;23;23;27;8191;5725;-246;-162;1369;2229;306;16171;0;0;0
7679673;5400;4385;5841;5628;5161;476;22;27;14;30;8191;5725;-246;-162;1369;2229;306;16171;0;0;0
7679713;5405;4388;5841;5621;5157;480;23;23;18;22;8191;5725;-246;-162;1369;2229;306;16171;0;0;0
7679753;5408;4384;5845;5621;5160;477;23;23;18;23;8191;5725;-246;-162;1369;2229;306;16171;0;0;0
7679793;5404;4384;5841;5628;5157;477;26;26;26;26;8191;5725;-246;-162;1369;2229;306;16171;0;0;0
7679833;5400;4380;5844;5624;5157;481;22;22;18;26;8191;5725;-246;-162;1369;2229;306;16171;0;0;0
7679873;5404;4384;5845;5628;5153;480;22;23;15;27;8191;5725;-246;-162;1369;2229;306;16171;0;0;0
7679913;5408;4385;5844;5624;5160;473;15;27;18;34;8191;5725;-246;-162;1369;2229;306;16171;0;0;0
7679953;5400;4384;5844;5620;5160;477;26;31;14;27;8191;5725;-246;-162;1369;2229;306;16171;0;0;0
7679993;5401;4384;5848;5621;5160;469;23;26;22;23;8191;5725;-246;-162;1369;2229;306;16171;0;0;0
7680033;5404;4388;5849;5628;5161;480;23;23;22;22;8191;5725;-246;-162;1369;2229;306;16171;0;0;0
7680073;5404;4388;5848;5625;5157;477;27;30;22;30;8191;5725;-246;-162;1369;2229;306;16171;0;0;0
7680113;5400;4388;5845;5625;5165;480;22;22;11;22;8191;5725;-246;-162;1369;2229;306;16171;0;0;0
7680153;5401;4381;5848;5621;5153;477;22;31;27;27;8191;5725;-246;-162;1369;2229;306;16171;0;0;0
7680193;5401;4385;5837;5625;5157;473;34;35;19;34;8191;5725;-246;-162;1369;2229;306;16171;0;0;0
7680233;5408;4384;5844;5624;5157;480;30;27;14;26;8191;5725;-246;-162;1369;2229;306;16171;0;0;0
7680273;5400;4389;5848;5625;5156;477;15;23;18;26;8191;5725;-246;-162;1369;2229;306;16171;0;0;0
7680313;5401;4384;5848;5621;5160;480;23;26;18;23;8191;5725;-246;-162;1369;2229;306;16171;0;0;0
7680353;5400;4388;5848;5624;5157;473;26;27;18;23;8191;5725;-246;-162;1369;2229;306;16171;0;0;0
7680393;5397;4381;5845;5620;5153;480;23;34;11;34;8191;5725;-246;-162;1369;2229;306;16171;0;0;0
7680433;5404;4385;5841;5620;5157;480;26;30;22;27;8191;5725;-246;-162;1369;2229;306;16171;0;0;0
7680473;5401;4385;5837;5621;5157;484;19;34;22;31;8191;5725;-246;-162;1369;2229;306;16171;0;0;0
7680513;5397;4384;5840;5620;5156;469;19;30;18;30;8191;5725;-246;-162;1369;2229;306;16171;0;0;0
7680553;5408;4384;5848;5625;5161;485;26;34;22;26;8191;5725;-246;-162;1369;2229;306;16171;0;0;0
7680593;5408;4384;5841;5624;5160;480;18;30;22;27;8191;5725;-246;-162;1369;2229;306;16171;0;0;0
7680633;5404;4384;5844;5624;5160;480;34;34;19;27;8191;5725;-246;-162;1369;2229;306;16171;0;0;0
7680673;5405;4384;5845;5621;5156;477;26;31;18;31;8191;5725;-246;-162;1369;2229;306;16171;0;0;0
7680713;5400;4392;5845;5625;5160;481;22;26;11;22;8191;5725;-246;-162;1369;2229;306;16171;0;0;0
7680753;5400;4385;5849;5625;5157;477;22;31;18;15;8191;5725;-246;-162;1369;2229;306;16171;0;0;0
7680793;5404;4385;5853;5617;5160;477;15;23;18;18;8191;5725;-246;-162;1369;2229;306;16171;0;0;0
7680833;5401;4380;5845;5621;5157;480;26;23;18;19;8191;5725;-246;-162;1369;2229;306;16171;0;0;0
7680873;5397;4385;5841;5617;5160;481;23;27;22;23;8191;5725;-246;-162;1369;2229;306;16171;0;0;0
7680913;5400;4385;5849;5621;5156;476;34;26;22;26;8191;5725;-246;-162;1369;2229;306;16171;0;0;0
7680953;5401;4381;5849;5628;5156;484;22;31;18;23;8191;5725;-246;-162;1369;2229;306;16171;0;0;0
7680993;5397;4388;5848;5621;5161;480;19;30;23;30;8191;5725;-246;-162;1369;2229;306;16171;0;0;0
7681033;5397;4384;5845;5621;5161;484;22;27;14;26;8191;5725;-246;-162;1369;2229;306;16171;0;0;0
7681123;5405;4385;5848;5628;5157;473;23;30;15;23;8191;5725;-246;-162;1369;2229;306;16171;0;0;0
7681163;5405;4388;5848;5628;5160;480;27;23;18;27;8191;5725;-246;-162;1369;2229;306;16171;0;0;0
7681203;5408;4384;5845;5621;5161;476;19;23;18;27;8191;5725;-246;-162;1369;2229;306;16171;0;0;0
7681243;5412;4384;5848;5628;5157;484;22;30;22;23;8191;5725;-246;-162;1369;2229;306;16171;0;0;0
7681283;5405;4384;5845;5624;5157;485;19;30;15;23;8191;5725;-246;-162;1369;2229;306;16171;0;0;0
7681323;5412;4385;5849;5625;5160;477;26;27;22;27;8191;5725;-246;-162;1369;2229;306;16171;0;0;0
7681363;5404;4388;5852;5620;5160;473;23;26;26;30;8191;5725;-246;-162;1369;2229;306;16171;0;0;0
7681403;5401;4384;5844;5621;5157;477;23;26;22;26;8191;5725;-246;-162;1369;2229;306;16171;0;0;0
7681443;5405;4388;5848;5628;5161;480;26;26;18;23;8191;5725;-246;-162;1369;2229;306;16171;0;0;0
7681483;5401;4385;5844;5621;5160;477;23;23;18;30;8191;5725;-246;-162;1369;2229;306;16171;0;0;0
7681523;5408;4385;5845;5624;5161;477;26;30;18;22;8191;5725;-246;-162;1369;2229;306;16171;0;0;0
7681563;5405;4389;5845;5625;5164;484;26;31;22;23;8191;5725;-246;-162;1369;2229;306;16171;0;0;0
7681603;5404;4384;5849;5621;5161;477;18;27;11;22;8191;5725;-246;-162;1369;2229;306;16171;0;0;0
7681643;5405;4388;5844;5625;5161;480;26;23;18;26;8191;5725;-246;-162;1369;2229;306;16171;0;0;0
7681683;5405;4385;5844;5624;5160;480;22;35;19;23;8191;5725;-246;-162;1369;2229;306;16171;0;0;0
7681723;5397;4380;5848;5624;5164;477;26;26;22;30;8191;5725;-246;-162;1369;2229;306;16171;0;0;0
7681763;5408;4388;5849;5620;5161;480;22;26;19;26;8191;5725;-246;-162;1369;2229;306;16171;0;0;0
7681803;5404;4380;5844;5620;5157;480;30;26;23;34;8191;5725;-246;-162;1369;2229;306;16171;0;0;0
7681843;5401;4385;5845;5621;5156;473;22;23;22;30;8191;5725;-246;-162;1369;2229;306;16171;0;0;0
7681883;5404;4388;5845;5625;5157;481;22;27;19;30;8191;5725;-246;-162;1369;2229;306;16171;0;0;0
7681923;5409;4384;5849;5625;5165;485;22;23;15;22;8191;5725;-246;-162;1369;2229;306;16171;0;0;0
7681963;5405;4385;5848;5628;5160;476;18;30;22;27;8191;5725;-246;-162;1369;2229;306;16171;0;0;0
7682003;5408;4385;5844;5624;5164;481;19;19;22;30;8191;5725;-246;-162;1369;2229;306;16171;0;0;0
7682043;5400;4384;5845;5625;5157;481;22;26;19;30;8191;5725;-246;-162;1369;2229;306;16171;0;0;0
7682083;5408;4392;5845;5624;5156;481;18;23;18;23;8191;5725;-246;-162;1369;2229;306;16171;0;0;0
7682123;5405;4385;5848;5628;5157;477;27;23;19;23;8191;5725;-246;-162;1369;2229;306;16171;0;0;0
7682163;5405;4385;5844;5625;5164;477;26;22;15;27;8191;5725;-246;-162;1369;2229;306;16171;0;0;0
7682203;5405;4388;5848;5624;5156;477;30;23;22;27;8191;5725;-246;-162;1369;2229;306;16171;0;0;0
7682243;5404;4384;5845;5625;5156;480;26;23;22;23;8191;5725;-246;-162;1369;2229;306;16171;0;0;0
7682283;5400;4384;5844;5628;5157;485;26;30;14;27;8191;5725;-246;-162;1369;2229;306;16171;0;0;0
7682323;5400;4389;5845;5628;5160;485;19;22;18;34;8191;5725;-246;-162;1369;2229;306;16171;0;0;0
7682363;5404;4388;5849;5624;5156;477;22;23;19;34;8191;5725;-246;-162;1369;2229;306;16171;0;0;0
7682403;5408;4389;5849;5625;5161;481;23;27;22;19;8191;5725;-246;-162;1369;2229;306;16171;0;0;0
7682443;5404;4381;5849;5625;5160;477;22;26;15;19;8191;5725;-246;-162;1369;2229;306;16171;0;0;0
7682483;5401;4380;5845;5628;5164;485;22;31;19;30;8191;5725;-246;-162;1369;2229;306;16171;0;0;0
7682523;5408;4384;5845;5624;5160;485;23;30;18;26;8191;5725;-246;-162;1369;2229;306;16171;0;0;0
7682563;5404;4381;5845;5628;5161;484;22;27;15;26;8191;5725;-246;-162;1369;2229;306;16171;0;0;0
7682603;5405;4381;5849;5625;5157;481;26;26;18;30;8191;5725;-246;-162;1369;2229;306;16171;0;0;0
7682643;5401;4384;5852;5625;5164;481;22;30;26;22;8191;5725;-246;-162;1369;2229;306;16171;0;0;0
7682683;5408;4380;5845;5624;5156;473;34;27;10;26;8191;5725;-246;-162;1370;2230;306;16171;0;0;0
7682723;5405;4385;5848;5629;5152;481;7;30;18;27;8191;5725;-246;-162;1370;2229;306;16171;0;0;0
7682763;5405;4389;5849;5624;5157;484;19;30;26;27;8191;5725;-246;-162;1369;2230;306;16171;0;0;0
7682803;5401;4388;5852;5625;5157;476;27;30;22;27;8191;5725;-246;-162;1369;2230;306;16171;0;0;0
7682893;5408;4389;5848;5621;5157;473;27;26;18;27;8191;5725;-246;-162;1369;2230;306;16171;0;0;0
7682933;5401;4389;5841;5620;5160;485;19;23;18;30;8191;5725;-246;-162;1369;2230;306;16171;0;0;0
7682973;5405;4385;5845;5621;5153;481;27;27;22;35;8191;5725;-246;-162;1368;2231;306;16171;0;0;0
7683013;5400;4388;5845;5624;5157;473;18;27;19;30;8191;5725;-246;-162;1369;2230;306;16171;0;0;0
7683053;5404;4384;5849;5625;5156;480;23;26;18;26;8191;5725;-246;-162;1368;2231;306;16171;0;0;0
7683093;5404;4388;5845;5621;5160;480;22;23;26;27;8191;5725;-246;-162;1368;2231;306;16171;0;0;0
7683133;5401;4389;5845;5624;5157;481;30;38;23;23;8191;5725;-246;-162;1368;2231;306;16171;0;0;0
7683173;5401;4384;5849;5628;5153;473;19;34;22;27;8191;5725;-246;-162;1368;2231;306;16171;0;0;0
7683213;5405;4385;5844;5625;5161;476;26;34;18;22;8191;5725;-246;-162;1368;2231;306;16171;0;0;0
7683253;5405;4381;5849;5629;5157;477;23;27;19;34;8191;5725;-246;-162;1368;2231;306;16171;0;0;0
7683293;5404;4388;5844;5621;5157;484;30;30;22;27;8191;5725;-246;-162;1368;2231;306;16171;0;0;0
7683333;5405;4388;5848;5628;5160;477;30;34;14;23;8191;5725;-246;-162;1368;2231;306;16171;0;0;0
7683373;5404;4388;5845;5624;5160;484;26;30;22;26;8191;5725;-246;-162;1368;2231;306;16171;0;0;0
7683413;5404;4380;5844;5624;5160;480;23;27;14;27;8191;5725;-246;-162;1368;2231;306;16171;0;0;0
7683453;5404;4389;5845;5624;5161;476;23;30;15;23;8191;5725;-246;-162;1368;2231;306;16171;0;0;0
7683493;5404;4384;5845;5629;5152;477;18;27;15;23;8191;5725;-246;-162;1368;2231;306;16171;0;0;0
7683533;5401;4389;5848;5628;5157;481;26;34;22;19;8191;5725;-246;-162;1368;2231;306;16171;0;0;0
7683573;5401;4392;5844;5625;5157;481;15;26;15;26;8191;5725;-246;-162;1368;2231;306;16171;0;0;0
7683613;5404;4388;5845;5624;5161;480;18;22;22;30;8191;5725;-246;-162;1368;2231;306;16171;0;0;0
7683653;5401;4380;5848;5621;5161;476;18;26;19;27;8191;5725;-246;-162;1365;2234;306;16171;0;13;0
7683693;5401;4392;5849;5624;5156;477;30;26;19;26;8191;5725;-247;-161;1362;2236;306;16171;0;0;0
7683733;5400;4381;5844;5624;5156;477;26;30;22;27;8191;5725;-246;-161;1361;2235;306;16171;0;0;0
7683773;5405;4389;5849;5624;5160;480;22;27;18;23;8191;5725;-246;-161;1361;2235;306;16171;0;0;0
7683813;5404;4389;5848;5625;5157;469;19;26;15;30;8191;5725;-246;-161;1361;2235;306;16171;0;0;0
7683853;5404;4381;5849;5621;5161;480;27;30;10;27;8191;5725;-246;-161;1361;2235;306;16171;0;0;0
7683893;5405;4385;5845;5628;5157;481;15;26;22;30;8191;5725;-246;-161;1362;2234;306;16171;0;0;0
7683933;5405;4381;5837;5625;5156;477;26;26;22;26;8191;5725;-246;-161;1362;2234;306;16171;0;0;0
7683973;5405;4388;5845;5629;5157;476;26;27;19;30;8191;5725;-246;-161;1362;2234;306;16171;0;0;0
7684013;5401;4381;5845;5625;5161;473;18;23;19;23;8191;5725;-246;-161;1362;2234;306;16171;0;0;0
7684053;5405;4385;5844;5625;5156;477;19;30;26;30;8191;5725;-246;-161;1362;2234;306;16171;0;0;0
7684093;5404;4389;5844;5624;5164;477;23;30;30;30;8191;5725;-246;-161;1362;2234;306;16171;0;0;0
7684133;5404;4392;5848;5628;5165;480;23;34;22;31;8191;5725;-246;-161;1362;2234;306;16171;0;0;0
7684173;5397;4389;5849;5624;5160;472;18;34;18;26;8191;5725;-246;-161;1362;2234;306;16171;0;10;0
7684213;5401;4381;5845;5625;5157;472;15;26;22;26;8191;5725;-246;-161;1362;2234;306;16171;0;0;0
7684253;5405;4384;5844;5617;5157;477;23;30;11;27;8191;5725;-246;-161;1362;2234;306;16171;0;0;0
7684293;5404;4380;5844;5625;5157;476;22;31;18;23;8191;5725;-246;-161;1362;2234;306;16171;0;0;0
7684333;5405;4388;5845;5625;5160;480;18;26;14;23;8191;5725;-246;-161;1362;2234;306;16171;0;0;0
7684373;5404;4385;5849;5624;5157;481;22;26;14;26;8191;5725;-246;-161;1362;2234;306;16171;0;0;0
7684413;5404;4384;5844;5628;5153;477;22;30;22;22;8191;5725;-246;-161;1362;2234;306;16171;0;0;0
7684453;5404;4389;5841;5624;5157;485;22;27;34;23;8191;5725;-246;-161;1363;2234;306;16171;0;0;0
7684493;5400;4388;5848;5624;5157;476;19;31;18;26;8191;5725;-246;-161;1363;2233;306;16171;0;0;0
7684533;5401;4385;5845;5625;5153;480;26;27;10;22;8191;5725;-246;-161;1364;2232;306;16171;0;0;0
7684573;5404;4392;5845;5625;5161;480;18;26;19;26;8191;5725;-246;-162;1365;2232;306;16171;0;0;0
7684663;5400;4385;5849;5625;5157;469;27;26;18;26;8191;5725;-246;-162;1366;2231;305;16171;0;0;0
7684703;5404;4385;5844;5625;5156;476;23;22;19;27;8191;5725;-246;-162;1366;2230;305;16171;0;0;0
7684743;5408;4385;5844;5625;5157;473;18;31;26;22;8191;5725;-246;-162;1367;2230;305;16171;0;0;0
7684783;5404;4384;5844;5624;5160;480;34;34;14;30;8191;5725;-246;-162;1367;2230;305;16171;0;0;0
7684823;5408;4388;5845;5625;5156;480;27;27;15;23;8191;5725;-246;-162;1367;2230;305;16171;0;0;0
7684863;5405;4384;5844;5620;5156;476;22;31;26;26;8191;5725;-246;-162;1370;2228;304;16171;0;0;0
7684903;5405;4388;5845;5620;5157;473;26;22;19;27;8191;5725;-246;-162;1372;2226;304;16171;18;0;0
7684943;5397;4384;5844;5624;5164;472;19;26;26;23;8191;5725;-246;-162;1372;2226;304;16171;0;0;0
7684983;5400;4388;5844;5628;5157;484;26;26;26;30;8191;5725;-246;-163;1375;2227;304;16171;0;0;0
7685023;5401;4385;5845;5628;5160;477;26;27;15;23;8191;5725;-245;-163;1380;2225;303;16171;-12;0;0
7685063;5404;4385;5849;5624;5161;473;26;23;18;23;8191;5725;-245;-163;1380;2225;303;16171;0;0;0
7685103;5405;4388;5841;5624;5153;476;23;26;19;26;8191;5725;-245;-163;1380;2225;303;16171;0;0;0
7685143;5404;4385;5844;5625;5157;477;22;31;15;27;8191;5725;-245;-163;1380;2225;303;16171;12;11;0
7685183;5404;4388;5848;5621;5161;473;19;26;19;23;8191;5725;-245;-163;1380;2225;303;16171;0;0;0
7685223;5404;4385;5844;5624;5160;484;23;30;19;23;8191;5725;-245;-163;1380;2225;303;16171;-14;0;0
7685263;5401;4389;5845;5621;5161;469;26;27;18;27;8191;5725;-245;-163;1380;2225;303;16171;0;0;0
7685303;5404;4381;5845;5625;5164;473;26;30;22;23;8191;5725;-245;-163;1380;2225;303;16171;0;0;0
7685343;5404;4385;5848;5620;5157;480;19;30;19;26;8191;5725;-245;-163;1380;2225;303;16171;0;0;0
7685383;5401;4384;5844;5628;5153;476;23;30;19;26;8191;5725;-245;-163;1380;2225;303;16171;0;16;0
7685423;5405;4381;5844;5628;5157;476;19;26;14;27;8191;5725;-245;-163;1380;2225;303;16171;0;16;0
7685463;5404;4393;5849;5625;5157;469;30;35;22;27;8191;5725;-245;-163;1380;2225;303;16171;0;0;0
7685503;5408;4388;5849;5628;5165;476;18;31;15;23;8191;5725;-245;-163;1380;2225;303;16171;0;0;0
7685543;5401;4389;5844;5624;5160;469;22;23;22;34;8191;5725;-245;-163;1380;2225;303;16171;0;0;0
7685583;5401;4388;5856;5628;5161;476;30;30;15;34;8191;5725;-245;-163;1380;2225;303;16171;0;0;0
7685623;5404;4393;5849;5628;5165;472;18;31;22;26;8191;5725;-245;-163;1380;2225;303;16171;0;12;0
7685663;5404;4389;5849;5621;5164;472;23;23;18;23;8191;5725;-245;-163;1380;2225;303;16171;0;17;0
7685703;5405;4388;5845;5628;5161;473;19;30;18;23;8191;5725;-245;-163;1380;2225;303;16171;0;0;0
7685743;5405;4388;5852;5624;5157;477;23;27;18;26;8191;5725;-245;-163;1380;2225;303;16171;0;0;0
7685783;5397;4388;5849;5625;5160;480;23;30;26;27;8191;5725;-245;-163;1380;2225;303;16171;0;0;0
7685823;5401;4389;5845;5625;5168;480;19;30;18;31;8191;5725;-245;-163;1380;2225;303;16171;0;0;0
7685863;5401;4389;5849;5625;5157;476;27;23;11;26;8191;5725;-245;-163;1380;2225;303;16171;0;0;0
7685903;5409;4384;5845;5621;5160;476;26;26;19;30;8191;5725;-245;-163;1380;2225;303;16171;0;0;0
7685943;5405;4384;5841;5629;5161;477;23;23;10;27;8191;5725;-245;-163;1380;2225;303;16171;0;0;0
7685983;5405;4384;5848;5628;5161;480;26;23;19;27;8191;5725;-245;-163;1380;2225;303;16171;0;12;0
7686023;5408;4384;5849;5624;5157;473;26;22;23;23;8191;5725;-245;-163;1380;2225;303;16171;0;0;0
7686063;5408;4388;5844;5624;5161;480;22;26;18;23;8191;5725;-245;-163;1380;2225;303;16171;0;0;0
7686103;5405;4388;5844;5628;5157;473;22;27;27;22;8191;5725;-245;-163;1380;2225;303;16171;0;0;0
7686143;5404;4388;5848;5625;5156;473;26;31;18;27;8191;5725;-245;-163;1380;2225;303;16171;0;0;0
7686183;5400;4388;5844;5625;5157;472;19;26;19;30;8191;5725;-245;-163;1380;2225;303;16171;0;12;0
7686223;5405;4385;5845;5621;5157;477;22;26;18;23;8191;5725;-245;-163;1380;2225;303;16171;0;11;0
7686263;5405;4385;5844;5628;5161;469;15;27;18;27;8191;5725;-245;-163;1380;2225;303;16171;0;0;0
7686303;5405;4385;5844;5624;5161;477;22;27;19;30;8191;5725;-245;-163;1380;2225;303;16171;0;0;0
7686343;5401;4388;5852;5624;5164;476;26;26;14;27;8191;5725;-245;-163;1380;2225;303;16171;0;0;0
7686433;5404;4384;5844;5625;5157;468;26;30;18;30;8191;5725;-245;-163;1380;2225;303;16171;0;10;0
7686473;5405;4385;5841;5621;5157;473;26;22;18;22;8191;5725;-245;-163;1380;2225;303;16171;0;0;0
7686513;5401;4388;5845;5625;5157;477;34;30;18;23;8191;5725;-245;-163;1380;2225;303;16171;0;0;0
7686553;5400;4388;5844;5624;5160;476;22;22;18;22;8191;5725;-245;-163;1380;2225;303;16171;0;0;0
7686593;5405;4393;5844;5620;5160;473;22;27;11;23;8191;5725;-245;-163;1380;2225;303;16171;0;0;0
7686633;5401;4384;5848;5625;5160;472;19;27;18;27;8191;5725;-245;-163;1380;2225;303;16171;0;0;0
7686673;5404;4385;5856;5628;5164;473;23;30;19;26;8191;5725;-245;-163;1380;2225;303;16171;0;0;0
7686713;5408;4388;5841;5621;5157;484;19;30;23;19;8191;5725;-245;-163;1380;2225;303;16171;0;0;0
7686753;5404;4384;5848;5625;5157;477;19;26;26;23;8191;5725;-245;-163;1380;2225;303;16171;0;0;0
7686793;5404;4385;5840;5621;5164;468;19;22;18;27;8191;5725;-245;-163;1380;2225;303;16171;0;0;0
7686833;5405;4380;5844;5624;5156;476;19;26;19;27;8191;5725;-245;-163;1380;2225;303;16171;0;0;0
7686873;5404;4388;5852;5624;5156;472;15;30;11;30;8191;5725;-245;-163;1380;2225;303;16171;0;0;0
7686913;5404;4384;5844;5625;5156;468;19;22;14;27;8191;5725;-245;-163;1380;2225;303;16171;0;0;0
7686953;5404;4388;5845;5628;5160;480;23;26;15;27;8191;5725;-245;-163;1380;2225;303;16171;0;0;0
7686993;5404;4393;5841;5624;5153;472;27;26;14;30;8191;5725;-245;-163;1380;2225;303;16171;0;0;0
7687033;5401;4388;5841;5625;5156;476;19;26;23;27;8191;5725;-245;-163;1380;2225;303;16171;0;0;0
7687073;5404;4388;5844;5625;5164;476;23;30;19;26;8191;5725;-245;-163;1380;2225;303;16171;0;0;0
7687113;5409;4388;5845;5621;5157;476;22;23;15;27;8191;5725;-245;-163;1380;2225;303;16171;0;0;0
7687153;5401;4381;5841;5621;5156;476;22;26;19;27;8191;5725;-245;-163;1380;2225;303;16171;0;0;0
7687193;5397;4392;5837;5628;5161;477;18;31;18;23;8191;5725;-245;-163;1380;2225;303;16171;0;0;0
7687233;5404;4393;5841;5621;5161;472;19;30;15;27;8191;5725;-245;-163;1380;2225;303;16171;0;0;0
7687273;5404;4389;5845;5621;5160;476;19;22;26;26;8191;5725;-245;-163;1380;2225;303;16171;0;0;0
7687313;5404;4385;5848;5624;5160;469;22;22;23;27;8191;5725;-245;-163;1380;2225;303;16171;0;0;0
7687353;5401;4385;5848;5624;5160;476;22;26;19;30;8191;5725;-245;-163;1380;2225;303;16171;0;0;0
7687393;5400;4381;5844;5629;5157;473;15;34;23;22;8191;5725;-245;-163;1380;2225;303;16171;0;0;0
7687433;5405;4385;5849;5624;5156;480;22;23;15;26;8191;5725;-245;-163;1380;2225;303;16171;0;0;0
7687473;5400;4384;5845;5621;5161;477;26;26;23;23;8191;5725;-245;-163;1380;2225;303;16171;0;0;0
7687513;5396;4385;5845;5621;5156;473;18;26;15;26;8191;5725;-245;-163;1380;2225;303;16171;0;0;0
7687553;5397;4384;5849;5625;5152;480;23;26;23;26;8191;5725;-245;-163;1380;2225;303;16171;0;0;0
7687593;5401;4381;5845;5620;5160;473;26;30;18;27;8191;5725;-245;-163;1380;2225;303;16171;0;0;0
7687633;5404;4380;5841;5624;5157;477;22;26;22;26;8191;5725;-245;-163;1380;2225;303;16171;0;0;0
7687673;5404;4385;5845;5620;5157;476;22;26;18;26;8191;5725;-245;-163;1380;2225;303;16171;0;0;0
7687713;5401;4381;5845;5624;5157;473;23;26;22;26;8191;5725;-245;-163;1380;2225;303;16171;0;0;0
7687753;5404;4388;5845;5625;5157;473;30;23;19;26;8191;5725;-245;-163;1380;2225;303;16171;0;0;0
7687793;5401;4385;5844;5625;5161;469;30;26;23;26;8191;5725;-245;-163;1380;2225;303;16171;0;10;0
7687833;5400;4384;5848;5621;5157;477;22;30;19;34;8191;5725;-245;-163;1380;2225;303;16171;0;0;0
7687873;5401;4385;5848;5624;5161;477;23;27;18;23;8191;5725;-245;-163;1380;2225;303;16171;0;0;0
7687913;5400;4384;5845;5621;5152;473;23;22;18;26;8191;5725;-245;-163;1380;2225;303;16171;0;0;0
7687953;5400;4384;5845;5624;5157;480;23;34;14;30;8191;5725;-245;-163;1380;2225;303;16171;0;0;0
7687993;5404;4384;5840;5628;5157;473;27;26;14;26;8191;5725;-245;-163;1380;2225;303;16171;0;0;0
7688033;5397;4384;5848;5621;5160;477;30;30;30;23;8191;5725;-245;-163;1380;2225;303;16171;0;10;0
7688073;5404;4381;5844;5625;5157;477;19;34;22;23;8191;5725;-245;-163;1380;2225;303;16171;0;11;0
7688113;5401;4384;5845;5628;5161;472;18;30;14;23;8191;5725;-245;-163;1380;2225;303;16171;0;0;0
7688203;5397;4384;5849;5624;5161;477;23;31;14;27;8191;5725;-245;-163;1380;2225;303;16171;0;0;0
7688243;5400;4385;5848;5621;5156;473;23;27;26;34;8191;5725;-245;-163;1380;2225;303;16171;0;0;0
7688283;5405;4385;5845;5621;5160;480;26;30;10;34;8191;5725;-245;-163;1380;2225;303;16171;0;0;0
7688323;5404;4392;5845;5620;5160;477;23;27;19;26;8191;5725;-245;-163;1380;2225;303;16171;0;0;0
7688363;5400;4384;5848;5624;5161;468;30;27;14;22;8191;5725;-245;-163;1380;2225;303;16171;0;10;0
7688403;5405;4385;5848;5625;5160;477;22;27;23;27;8191;5725;-245;-163;1380;2225;303;16171;0;0;0
7688443;5401;4384;5845;5620;5157;481;22;34;14;30;8191;5725;-245;-163;1380;2225;303;16171;0;0;0
7688483;5409;4381;5845;5621;5160;476;26;26;15;26;8191;5725;-245;-163;1380;2225;303;16171;0;0;0
7688523;5401;4388;5844;5629;5164;469;18;38;19;23;8191;5725;-245;-163;1380;2225;303;16171;0;0;0
7688563;5405;4384;5844;5625;5160;469;22;34;19;27;8191;5725;-245;-163;1380;2225;303;16171;0;0;0
7688603;5405;4392;5849;5624;5160;476;27;30;11;26;8191;5725;-245;-163;1380;2225;303;16171;0;11;0
7688643;5405;4388;5849;5628;5153;480;26;34;18;23;8191;5725;-245;-163;1380;2225;303;16171;0;0;0
7688683;5404;4388;5844;5625;5161;472;26;27;19;30;8191;5725;-245;-163;1380;2225;303;16171;0;0;0
7688723;5405;4392;5853;5621;5157;481;23;27;18;26;8191;5725;-245;-163;1380;2225;303;16171;0;0;0
7688763;5401;4389;5848;5628;5157;480;23;26;22;22;8191;5725;-245;-163;1380;2225;303;16171;0;0;0
7688803;5401;4385;5844;5621;5161;473;22;34;10;26;8191;5725;-245;-163;1380;2225;303;16171;0;0;0
7688843;5405;4392;5852;5628;5161;477;15;26;27;30;8191;5725;-245;-163;1380;2225;303;16171;0;0;0
7688883;5401;4384;5848;5628;5157;472;30;26;19;23;8191;5725;-245;-163;1380;2225;303;16171;0;0;0
7688923;5408;4388;5848;5621;5160;473;19;30;22;23;8191;5725;-245;-163;1380;2225;303;16171;0;0;0
7688963;5408;4388;5844;5621;5157;480;19;34;26;26;8191;5725;-245;-163;1380;2225;303;16171;0;0;0
7689003;5404;4389;5848;5625;5161;485;31;15;18;30;8191;5725;-245;-163;1380;2225;303;16171;0;0;0
7689043;5405;4385;5852;5624;5160;480;19;26;22;27;8191;5725;-245;-163;1380;2225;303;16171;0;0;0
7689083;5401;4389;5845;5617;5164;468;22;23;22;23;8191;5725;-245;-163;1380;2225;303;16171;0;0;0
7689123;5409;4384;5848;5629;5165;476;22;27;26;34;8191;5725;-245;-163;1380;2225;303;16171;0;0;0
7689163;5404;4388;5852;5624;5161;465;19;27;18;26;8191;5725;-245;-163;1380;2225;303;16171;0;0;0
7689203;5404;4389;5848;5621;5165;477;30;27;18;30;8191;5725;-245;-163;1380;2225;303;16171;0;0;0
7689243;5405;4381;5849;5625;5160;481;23;23;19;26;8191;5725;-245;-163;1380;2225;303;16171;0;0;0
7689283;5405;4392;5844;5629;5157;472;30;27;26;31;8191;5725;-245;-163;1380;2225;303;16171;0;0;0
7689323;5404;4388;5845;5625;5161;468;14;34;22;23;8191;5725;-245;-163;1380;2225;303;16171;0;0;0
7689363;5408;4388;5840;5628;5157;477;26;27;26;30;8191;5725;-245;-163;1380;2226;303;16170;0;0;0
7689403;5405;4385;5844;5628;5157;476;23;27;23;19;8191;5725;-245;-163;1380;2226;303;16170;0;0;0
7689443;5405;4388;5845;5621;5164;476;30;38;26;26;8191;5725;-245;-163;1380;2226;303;16170;0;0;0
7689483;5396;4381;5852;5624;5157;480;26;23;18;30;8191;5725;-245;-163;1380;2226;303;16170;0;12;0
7689523;5401;4384;5845;5628;5157;473;19;26;19;26;8191;5725;-246;-163;1379;2227;303;16170;0;0;0
7689563;5401;4388;5841;5624;5160;477;19;23;19;31;8191;5725;-246;-163;1379;2227;303;16170;0;0;0
7689603;5404;4384;5849;5625;5161;477;34;27;22;27;8191;5725;-246;-163;1379;2227;303;16170;0;0;0
7689643;5404;4384;5848;5621;5160;480;22;39;18;22;8191;5725;-246;-163;1379;2227;303;16170;0;0;0
7689683;5408;4388;5845;5625;5160;473;22;34;22;26;8191;5725;-246;-163;1379;2227;303;16170;0;0;0
7689723;5405;4388;5844;5628;5157;476;26;23;26;18;8191;5725;-246;-163;1379;2227;303;16170;0;0;0
7689763;5405;4385;5841;5628;5160;480;19;27;15;23;8191;5725;-246;-163;1379;2227;303;16170;0;10;0
7689803;5404;4385;5848;5624;5161;472;22;26;30;27;8191;5725;-246;-163;1379;2227;303;16170;0;0;0
7689843;5404;4388;5852;5621;5165;476;19;23;19;34;8191;5725;-246;-163;1379;2227;303;16170;0;0;0
7689883;5405;4385;5844;5625;5161;476;26;26;18;27;8191;5725;-246;-163;1379;2227;303;16170;0;0;0
7689973;5401;4381;5848;5625;5153;476;19;26;14;27;8191;5725;-246;-163;1378;2227;303;16170;0;0;0
7690013;5404;4385;5844;5621;5169;477;26;26;22;27;8191;5725;-246;-163;1378;2227;303;16170;0;0;0
7690053;5405;4389;5848;5625;5161;473;23;26;19;31;8191;5725;-246;-163;1378;2227;303;16170;0;0;0
7690093;5401;4388;5845;5628;5161;473;22;23;18;23;8191;5725;-246;-163;1378;2227;303;16170;0;0;0
7690133;5405;4384;5841;5628;5161;476;30;26;15;26;8191;5725;-246;-163;1378;2227;303;16170;0;0;0
7690173;5408;4384;5840;5625;5160;476;18;23;18;27;8191;5725;-246;-163;1378;2227;303;16170;0;0;0
7690213;5401;4385;5848;5629;5160;477;26;34;22;23;8191;5725;-246;-163;1378;2227;303;16170;0;0;0
7690253;5405;4385;5848;5621;5164;476;30;26;19;34;8191;5725;-246;-163;1378;2227;303;16170;0;0;0
7690293;5405;4384;5848;5624;5161;472;22;23;15;22;8191;5725;-246;-163;1378;2227;303;16170;0;0;0
7690333;5401;4385;5848;5625;5164;480;26;26;23;26;8191;5725;-246;-163;1378;2227;303;16170;0;0;0
7690373;5404;4388;5848;5624;5157;476;22;26;14;23;8191;5725;-246;-163;1378;2227;303;16170;0;0;0
7690413;5400;4388;5841;5621;5160;476;23;23;15;26;8191;5725;-246;-163;1378;2227;303;16170;0;0;0
7690453;5401;4384;5840;5628;5157;473;27;27;18;22;8191;5725;-246;-163;1378;2227;303;16170;0;0;0
7690493;5408;4384;5841;5624;5160;480;15;26;22;26;8191;5725;-246;-163;1378;2227;303;16170;0;0;0
7690533;5401;4381;5844;5625;5157;476;18;27;18;26;8191;5725;-246;-163;1378;2227;303;16170;0;0;0
7690573;5401;4381;5844;5621;5156;476;27;23;26;30;8191;5725;-246;-163;1378;2227;303;16170;0;0;0
7690613;5408;4384;5844;5629;5157;469;23;30;19;26;8191;5725;-246;-163;1378;2227;303;16170;0;0;0
7690653;5408;4385;5849;5625;5156;476;18;30;22;30;8191;5725;-246;-163;1378;2227;303;16170;0;10;0
7690693;5400;4381;5845;5624;5160;472;19;22;18;30;8191;5725;-246;-163;1378;2227;303;16170;0;0;0
7690733;5400;4384;5844;5624;5161;469;19;26;22;26;8191;5725;-246;-163;1378;2227;303;16170;0;0;0
7690773;5401;4381;5845;5624;5156;473;27;26;15;22;8191;5725;-246;-163;1378;2227;303;16170;0;0;0
7690813;5405;4389;5849;5625;5157;469;23;22;15;26;8191;5725;-246;-163;1378;2227;303;16170;0;0;0
7690853;5401;4388;5849;5624;5153;468;18;19;15;31;8191;5725;-246;-163;1378;2227;303;16170;0;0;0
7690893;5404;4384;5848;5617;5153;476;19;23;19;31;8191;5725;-246;-163;1378;2227;303;16170;0;0;0
7690933;5404;4388;5849;5625;5156;469;22;19;15;26;8191;5725;-246;-163;1378;2227;303;16170;0;10;0
7690973;5404;4388;5848;5625;5153;469;18;26;22;22;8191;5725;-246;-163;1378;2227;303;16170;0;0;0
7691013;5397;4385;5845;5621;5157;473;23;23;18;23;8191;5725;-246;-163;1378;2227;303;16170;0;0;0
7691053;5404;4385;5845;5617;5153;473;22;27;15;26;8191;5725;-246;-163;1378;2227;303;16170;0;0;0
7691093;5401;4388;5844;5620;5160;476;26;26;22;27;8191;5725;-246;-163;1378;2227;303;16170;0;0;0
7691133;5408;4380;5848;5621;5157;476;23;27;15;23;8191;5725;-246;-163;1378;2227;303;16170;0;0;0
7691173;5405;4384;5844;5625;5157;473;19;30;15;22;8191;5725;-246;-163;1378;2227;303;16170;0;10;0
7691213;5408;4384;5844;5621;5161;472;19;26;18;26;8191;5725;-246;-163;1378;2227;303;16170;0;0;0
7691253;5401;4385;5841;5620;5153;480;22;23;18;27;8191;5725;-246;-163;1378;2227;303;16170;0;0;0
7691293;5404;4377;5837;5628;5156;480;22;26;7;26;8191;5725;-246;-163;1378;2227;303;16170;0;0;0
7691333;5404;4385;5845;5624;5160;469;26;23;22;30;8191;5725;-246;-163;1378;2227;303;16170;0;0;0
7691373;5408;4384;5848;5621;5157;476;22;22;19;23;8191;5725;-246;-163;1378;2227;303;16170;0;0;0
7691413;5404;4381;5856;5621;5156;473;22;23;14;23;8191;5725;-246;-163;1378;2227;303;16170;0;0;0
7691453;5404;4385;5840;5624;5153;473;15;31;22;31;8191;5725;-246;-163;1377;2227;303;16171;0;0;0
7691493;5404;4388;5845;5621;5160;476;26;27;27;23;8191;5725;-246;-163;1377;2227;303;16171;0;0;0
7691533;5401;4384;5841;5621;5156;476;19;26;15;26;8191;5725;-246;-163;1377;2227;303;16171;0;0;0
7691573;5401;4384;5844;5625;5157;477;19;34;22;23;8191;5725;-246;-163;1377;2227;303;16171;0;0;0
7691613;5404;4381;5845;5621;5160;473;22;26;22;26;8191;5725;-246;-163;1377;2227;303;16171;0;0;0
7691653;5400;4385;5844;5625;5156;476;27;30;18;27;8191;5725;-246;-163;1377;2227;303;16171;0;0;0
