time;ring.bend;index.bend;little.pressure;emg;thumb.bend;index.pressure;little.bend;middle.pressure;middle.bend;ring.pressure;thumb.pressure;imu.orientEulX;imu.orientEulY;imu.orientEulZ;imu.orientQuatX;imu.orientQuatY;imu.orientQuatZ;imu.orientQuatW;imu.linacceleX;imu.linacceleY;imu.linaccelerZ
27165211;5141;5449;1293;2108;26;14;5652;43;5657;31;4965;5753;258;-334;2894;-2330;60;15957;0;0;0
27165258;5136;5445;1292;2069;26;19;5656;43;5669;30;4969;5753;258;-334;2894;-2330;60;15957;0;0;0
27165306;5141;5456;1289;2041;18;27;5657;43;5664;27;4968;5753;258;-334;2894;-2330;60;15957;0;0;0
27165356;5137;5449;1293;2037;18;22;5660;46;5661;22;4965;5753;258;-334;2894;-2330;60;15957;0;0;0
27165405;5140;5456;1284;2032;31;19;5653;42;5664;30;4960;5753;258;-334;2894;-2330;60;15957;0;0;0
27165452;5141;5449;1293;2060;10;10;5657;43;5669;30;4964;5753;258;-334;2894;-2330;60;15957;0;0;0
27165499;5140;5452;1289;2032;15;19;5657;47;5661;34;4964;5753;258;-334;2894;-2330;60;15957;0;0;0
27165547;5140;5452;1296;2037;26;18;5652;43;5664;31;4964;5753;258;-334;2894;-2330;60;15957;0;0;0
27165597;5136;5452;1289;2041;26;7;5656;42;5661;27;4965;5753;258;-334;2894;-2330;60;15957;0;0;0
27165646;5152;5449;1292;2028;14;14;5652;43;5665;30;4961;5753;258;-334;2894;-2330;60;15957;0;0;0
27165693;5152;5456;1292;2037;19;18;5660;46;5668;27;4968;5753;258;-334;2894;-2330;60;15957;0;0;0
27165740;5152;5453;1289;2032;23;18;5657;50;5664;23;4965;5753;258;-334;2894;-2330;60;15957;0;0;0
27165788;5152;5456;1289;2029;18;22;5657;47;5664;26;4964;5753;258;-334;2894;-2330;60;15957;0;0;0
27165838;5152;5452;1296;2036;23;18;5656;43;5660;26;4968;5753;258;-334;2894;-2330;60;15957;0;0;0
27165886;5152;5453;1296;2033;19;18;5657;42;5669;31;4965;5753;258;-334;2894;-2330;60;15957;0;0;0
27165934;5145;5449;1292;2032;26;19;5656;50;5668;27;4968;5753;258;-334;2894;-2330;60;15957;0;0;0
27165980;5152;5452;1292;2017;11;22;5653;46;5664;31;4961;5753;258;-334;2894;-2330;60;15957;0;0;0
27166029;5152;5452;1296;2020;18;18;5656;50;5665;26;4964;5753;258;-334;2894;-2330;60;15957;0;0;0
27166078;5152;5452;1289;2021;18;14;5656;43;5664;19;4969;5753;258;-334;2894;-2330;60;15957;0;0;0
27166127;5140;5449;1293;2021;19;23;5656;35;5664;27;4964;5753;258;-334;2894;-2330;60;15957;0;0;0
27166175;5141;5449;1296;2028;10;30;5656;47;5668;27;4968;5753;258;-334;2894;-2330;60;15957;0;0;0
27166222;5137;5452;1293;2021;22;22;5657;46;5668;27;4961;5753;258;-334;2894;-2330;60;15957;0;0;0
27166268;5152;5452;1292;2016;19;30;5657;51;5665;31;4964;5753;258;-334;2894;-2330;60;15957;0;0;0
27166316;5152;5449;1293;2013;18;19;5657;47;5665;30;4960;5753;258;-334;2894;-2330;60;15957;0;0;0
27166362;5140;5449;1296;2016;19;19;5656;42;5660;26;4965;5753;258;-334;2894;-2330;60;15957;0;0;0
27166410;5137;5453;1292;2020;19;22;5652;43;5665;23;4964;5753;258;-334;2894;-2330;60;15957;0;0;0
27166459;5137;5453;1296;2005;14;22;5656;50;5665;30;4964;5753;258;-334;2894;-2330;60;15957;0;0;0
27166507;5152;5452;1292;2021;26;22;5656;42;5665;30;4965;5753;258;-334;2894;-2330;60;15957;0;0;0
27166554;5117;5452;1292;2025;23;19;5660;39;5668;27;4965;5753;258;-334;2894;-2330;60;15957;0;0;0
27166603;5152;5453;1289;2012;26;10;5653;46;5664;30;4968;5753;258;-334;2894;-2330;60;15957;0;0;0
27166650;5152;5456;1293;2016;23;22;5656;47;5664;30;4961;5753;258;-334;2894;-2330;60;15957;0;0;0
27166699;5152;5448;1288;2013;19;14;5656;39;5665;27;4965;5753;258;-334;2894;-2330;60;15957;0;0;0
27166748;5140;5452;1293;2028;23;27;5653;43;5668;26;4968;5753;258;-334;2894;-2330;60;15957;0;0;0
27166794;5152;5453;1292;2040;26;22;5652;39;5661;30;4961;5753;258;-334;2894;-2330;60;15957;0;0;0
27166843;5144;5452;1292;2029;15;11;5653;46;5665;23;4964;5753;258;-334;2894;-2330;60;15957;0;0;0
27166891;5140;5448;1285;2036;26;26;5653;39;5664;27;4965;5753;258;-334;2894;-2330;60;15957;0;0;0
27166940;5117;5453;1296;2028;22;18;5652;38;5661;23;4968;5753;258;-334;2894;-2330;60;15957;0;0;0
27166988;5152;5452;1300;2029;26;18;5656;47;5665;27;4964;5753;258;-334;2894;-2330;60;15957;0;0;0
27167034;5152;5452;1292;2033;22;26;5652;31;5664;26;4968;5753;258;-334;2894;-2330;60;15957;0;0;0
27167083;5140;5453;1293;2024;26;19;5657;43;5664;31;4965;5753;258;-334;2894;-2330;60;15957;0;0;0
27167164;5152;5452;1289;2069;26;18;5653;43;5665;34;4969;5753;258;-334;2894;-2330;60;15957;0;0;0
27167212;5137;5449;1288;2041;22;22;5657;42;5660;27;4961;5753;258;-334;2894;-2330;60;15957;0;0;0
27167261;5140;5452;1292;2021;23;18;5653;46;5664;26;4964;5753;258;-334;2894;-2330;60;15957;0;0;0
27167309;5152;5452;1292;2033;14;30;5653;42;5665;27;4965;5753;258;-334;2894;-2330;60;15957;0;0;0
27167360;5152;5449;1292;2032;22;22;5653;47;5665;26;4964;5753;258;-334;2894;-2330;60;15957;0;0;0
27167407;5152;5456;1289;2036;14;19;5653;42;5669;35;4968;5753;258;-334;2894;-2330;60;15957;0;0;0
27167454;5152;5448;1297;2033;18;15;5660;46;5664;31;4964;5753;258;-334;2894;-2330;60;15957;0;0;0
27167502;5140;5452;1293;2020;23;22;5664;47;5665;26;4964;5753;258;-334;2894;-2330;60;15957;0;0;0
27167551;5140;5453;1292;2041;31;19;5657;42;5668;23;4964;5753;258;-334;2894;-2330;60;15957;0;0;0
27167601;5133;5453;1289;2025;19;26;5656;43;5668;23;4964;5753;258;-334;2894;-2330;60;15957;0;0;0
27167648;5152;5453;1292;2040;26;22;5660;43;5665;31;4968;5753;258;-334;2894;-2330;60;15957;0;0;0
27167695;5152;5452;1288;2032;23;18;5656;47;5669;30;4965;5753;258;-334;2894;-2330;60;15957;0;0;0
27167743;5140;5452;1293;2021;19;19;5656;43;5664;26;4965;5753;258;-334;2894;-2330;60;15957;0;0;0
27167792;5141;5456;1288;2041;18;23;5660;51;5668;22;4964;5753;258;-334;2894;-2330;60;15957;0;0;0
27167841;5140;5456;1292;2032;19;26;5653;43;5669;22;4964;5753;258;-334;2894;-2330;60;15957;0;0;0
27167888;5152;5452;1288;2037;18;22;5656;42;5664;26;4961;5753;258;-334;2894;-2330;60;15957;0;0;0
27167935;5152;5452;1289;2032;19;18;5653;39;5668;15;4961;5753;258;-334;2894;-2330;60;15957;0;0;0
27167984;5152;5452;1296;2024;22;18;5656;50;5669;26;4964;5753;258;-334;2894;-2330;60;15957;0;0;0
27168031;5140;5452;1292;2037;19;15;5657;43;5664;31;4964;5753;258;-334;2894;-2330;60;15957;0;0;0
27168078;5137;5453;1288;2028;26;15;5657;46;5661;34;4968;5753;258;-334;2894;-2330;60;15957;0;0;0
27168126;5140;5449;1296;2028;14;22;5657;43;5668;26;4961;5753;258;-334;2894;-2330;60;15957;0;0;0
27168174;5141;5456;1293;2028;34;18;5660;46;5664;23;4965;5753;258;-334;2894;-2330;60;15957;0;0;0
27168219;5152;5456;1293;2017;18;7;5656;50;5661;30;4965;5753;258;-334;2894;-2330;60;15957;0;0;0
27168266;5137;5449;1289;2024;22;14;5652;39;5664;26;4964;5753;258;-334;2894;-2330;60;15957;0;0;0
27168315;5152;5452;1293;2028;22;31;5661;42;5664;23;4965;5753;258;-334;2894;-2330;60;15957;0;0;0
27168365;5152;5452;1288;2033;26;26;5656;43;5661;23;4961;5753;258;-334;2894;-2330;60;15957;0;0;0
27168413;5140;5453;1288;2037;23;15;5656;39;5664;23;4964;5753;258;-334;2894;-2330;60;15957;0;0;0
27168460;5152;5452;1297;2029;18;14;5656;54;5664;27;4968;5753;258;-334;2894;-2330;60;15957;0;0;0
27168507;5141;5452;1292;2033;19;22;5656;46;5665;27;4961;5753;258;-334;2894;-2330;60;15957;0;0;0
27168556;5137;5449;1293;2028;18;22;5660;42;5664;23;4961;5753;258;-334;2894;-2330;60;15957;0;0;0
27168606;5152;5452;1292;2040;22;11;5660;42;5661;23;4965;5753;258;-334;2894;-2330;60;15957;0;0;0
27168655;5140;5453;1289;2040;27;11;5657;50;5660;30;4973;5753;258;-334;2894;-2330;60;15957;0;0;0
27168703;5152;5453;1285;2036;19;23;5656;43;5664;23;4965;5753;258;-334;2894;-2330;60;15957;0;0;0
27168749;5144;5452;1297;2064;30;14;5656;47;5669;22;4968;5753;258;-334;2894;-2330;60;15957;0;0;0
27168797;5140;5449;1296;2045;23;18;5660;39;5669;26;4961;5753;258;-334;2894;-2330;60;15957;0;0;0
27168847;5152;5453;1296;2061;15;19;5653;43;5664;23;4972;5753;258;-334;2894;-2330;60;15957;0;0;0
27168896;5140;5456;1292;2068;7;10;5657;39;5665;26;4965;5753;258;-334;2894;-2330;60;15957;0;0;0
27168944;5152;5449;1296;2032;14;23;5653;50;5673;30;4964;5753;258;-334;2894;-2330;60;15957;0;0;0
27168990;5137;5453;1289;2037;18;18;5656;43;5664;27;4968;5753;258;-334;2894;-2330;60;15957;0;0;0
27169038;5140;5449;1296;2036;7;11;5653;50;5664;34;4957;5753;258;-334;2894;-2330;60;15957;0;0;0
27169088;5140;5449;1292;2040;3;19;5653;50;5673;23;4960;5753;258;-334;2894;-2330;60;15957;0;0;0
27169137;5137;5452;1292;2064;22;22;5660;43;5664;30;4961;5753;258;-334;2894;-2330;60;15957;0;0;0
27169184;5137;5449;1293;2040;23;26;5653;42;5665;31;4964;5753;258;-334;2894;-2330;60;15957;0;0;0
27169270;5136;5449;1281;2085;18;22;5657;43;5664;27;4965;5753;258;-334;2894;-2330;60;15957;0;0;0
27169318;5137;5452;1289;2040;22;14;5656;47;5665;26;4968;5753;258;-334;2894;-2330;60;15957;0;0;0
27169369;5140;5453;1296;2061;18;26;5652;39;5664;27;4968;5753;258;-334;2894;-2330;60;15957;0;0;0
27169418;5141;5453;1296;2065;27;19;5653;46;5665;30;4968;5753;258;-334;2894;-2330;60;15957;0;0;0
27169466;5140;5449;1288;2064;22;19;5661;39;5664;19;4964;5753;258;-334;2894;-2330;60;15957;0;0;0
27169513;5152;5452;1293;2064;19;18;5657;50;5665;30;4964;5753;258;-334;2894;-2330;60;15957;0;0;0
27169560;5140;5456;1293;2028;18;18;5657;39;5665;31;4964;5753;258;-334;2894;-2330;60;15957;0;0;0
27169608;5152;5452;1289;2044;15;26;5661;50;5661;30;4965;5753;258;-334;2894;-2330;60;15957;0;0;0
27169659;5152;5452;1293;2037;26;15;5657;51;5665;27;4969;5753;258;-334;2894;-2330;60;15957;0;0;0
27169708;5137;5453;1301;2045;23;26;5656;42;5665;22;4965;5753;258;-334;2894;-2330;60;15957;0;0;0
27169755;5137;5457;1300;2068;18;18;5656;43;5665;34;4964;5753;258;-334;2894;-2330;60;15957;0;0;0
27169801;5152;5449;1293;2040;22;11;5652;43;5668;31;4964;5753;258;-334;2894;-2330;60;15957;0;0;0
27169850;5152;5453;1292;2044;22;14;5660;43;5664;31;4965;5753;258;-334;2894;-2330;60;15957;0;0;0
27169900;5140;5453;1292;2044;10;18;5653;39;5668;26;4961;5753;258;-334;2894;-2330;60;15957;0;0;0
27169949;5137;5456;1296;2072;18;11;5656;50;5664;23;4965;5753;258;-334;2894;-2330;60;15957;0;0;0
27169996;5152;5452;1292;2045;26;11;5660;43;5668;30;4969;5753;258;-334;2894;-2330;60;15957;0;0;0
27170042;5152;5453;1292;2032;26;23;5664;39;5665;26;4965;5753;258;-334;2894;-2330;60;15957;0;0;0
27170091;5152;5449;1292;2033;19;22;5660;50;5661;23;4961;5753;258;-334;2894;-2330;60;15957;0;0;0
27170141;5137;5452;1289;2040;23;15;5657;47;5664;22;4968;5753;258;-334;2894;-2330;60;15957;0;0;0
27170189;5140;5445;1293;2029;26;10;5657;47;5664;26;4965;5753;258;-334;2894;-2330;60;15957;0;0;0
27170237;5152;5453;1293;2024;22;11;5656;46;5664;27;4964;5753;258;-334;2894;-2330;60;15957;0;0;0
27170283;5140;5453;1293;2033;11;22;5657;46;5668;27;4964;5753;258;-334;2894;-2330;60;15957;0;0;0
27170330;5152;5449;1296;2036;14;14;5657;42;5664;30;4964;5753;258;-334;2894;-2330;60;15957;0;0;0
27170379;5140;5449;1289;2041;18;22;5656;54;5668;27;4965;5753;258;-334;2894;-2330;60;15957;0;0;0
27170425;5152;5449;1296;2069;26;26;5661;43;5664;38;4961;5753;258;-334;2894;-2330;60;15957;0;0;0
27170473;5152;5457;1292;2061;18;22;5661;42;5665;27;4965;5753;258;-334;2894;-2330;60;15957;0;0;0
27170521;5144;5452;1289;2033;27;15;5653;39;5665;23;4968;5753;258;-334;2894;-2330;60;15957;0;0;0
27170569;5152;5456;1285;2040;23;26;5660;50;5665;23;4964;5753;258;-334;2894;-2330;60;15957;0;0;0
27170619;5152;5452;1292;2041;26;22;5656;50;5665;27;4964;5753;258;-334;2894;-2330;60;15957;0;0;0
27170666;5152;5449;1300;2045;18;18;5653;39;5665;23;4968;5753;258;-334;2894;-2330;60;15957;0;0;0
27170713;5140;5453;1300;2044;22;15;5660;39;5665;34;4964;5753;258;-334;2894;-2330;60;15957;0;0;0
27170761;5152;5456;1293;2033;18;18;5657;46;5664;27;4961;5753;258;-334;2894;-2330;60;15957;0;0;0
27170810;5152;5452;1297;2045;18;26;5657;42;5665;23;4968;5753;258;-334;2894;-2330;60;15957;0;0;0
27170859;5152;5452;1297;2064;23;19;5657;46;5664;31;4968;5753;258;-334;2894;-2330;60;15957;0;0;0
27170905;5137;5453;1293;2072;23;26;5652;42;5668;27;4968;5753;258;-334;2894;-2330;60;15957;0;0;0
27170953;5152;5457;1293;2037;15;27;5649;54;5668;31;4961;5753;258;-334;2894;-2330;60;15957;0;0;0
27171002;5152;5449;1292;2041;19;22;5656;42;5669;23;4964;5753;258;-334;2894;-2330;60;15957;0;0;0
27171050;5137;5456;1293;2069;18;18;5656;55;5664;30;4964;5753;258;-334;2894;-2330;60;15957;0;0;0
27171096;5152;5452;1289;2064;26;15;5657;39;5664;31;4968;5753;258;-334;2894;-2330;60;15957;0;0;0
27171144;5141;5457;1292;2065;19;34;5656;46;5668;27;4968;5753;258;-334;2894;-2330;60;15957;0;0;0
27171193;5152;5456;1289;2069;18;19;5657;46;5669;30;4961;5753;258;-334;2894;-2330;60;15957;0;0;0
27171241;5152;5453;1293;2021;22;22;5657;39;5664;26;4968;5753;258;-334;2894;-2330;60;15957;0;0;0
27171327;5152;5456;1292;2085;22;14;5657;51;5665;27;4972;5753;258;-334;2894;-2330;60;15957;0;0;0
27171375;5152;5445;1297;2076;18;30;5657;42;5665;23;4964;5753;258;-334;2894;-2330;60;15957;0;0;0
27171425;5152;5452;1292;2044;22;19;5657;43;5668;27;4968;5753;258;-334;2894;-2330;60;15957;0;0;0
27171474;5152;5453;1296;2044;19;18;5657;47;5668;23;4964;5753;258;-334;2894;-2330;60;15957;0;0;0
27171522;5152;5452;1289;2025;22;22;5657;43;5668;30;4969;5753;258;-334;2894;-2330;60;15957;0;0;0
27171568;5137;5456;1293;2044;18;22;5657;43;5668;34;4965;5753;258;-334;2894;-2330;60;15957;0;0;0
27171616;5152;5452;1296;2064;19;18;5656;46;5668;26;4968;5753;258;-334;2894;-2330;60;15957;0;0;0
27171665;5140;5452;1293;2065;23;22;5660;42;5668;35;4964;5753;258;-334;2894;-2330;60;15957;0;0;0
27171714;5137;5449;1301;2040;11;22;5653;42;5664;26;4964;5753;258;-334;2894;-2330;60;15957;0;0;0
27171762;5141;5452;1296;2036;27;19;5657;43;5668;23;4964;5753;258;-334;2894;-2330;60;15957;0;0;0
27171808;5140;5452;1288;2069;23;19;5656;42;5668;30;4969;5753;258;-334;2894;-2330;60;15957;0;0;0
27171856;5152;5453;1289;2061;18;18;5661;38;5664;27;4965;5753;258;-334;2894;-2330;60;15957;0;0;0
27171906;5152;5453;1297;2061;18;18;5660;47;5664;26;4965;5753;258;-334;2894;-2330;60;15957;0;0;0
27171954;5152;5453;1293;2041;26;15;5653;43;5665;23;4960;5753;258;-334;2894;-2330;60;15957;0;0;0
27172002;5152;5457;1296;2037;19;23;5657;42;5664;34;4965;5753;258;-334;2894;-2330;60;15957;0;0;0
27172048;5140;5449;1296;2064;14;26;5660;46;5660;30;4968;5753;258;-334;2894;-2330;60;15957;0;0;0
27172097;5152;5456;1293;2061;23;14;5656;43;5664;27;4965;5753;258;-334;2894;-2330;60;15957;0;0;0
27172146;5141;5457;1288;2037;18;27;5653;46;5672;22;4968;5753;258;-334;2894;-2330;60;15957;0;0;0
27172195;5152;5453;1293;2037;26;22;5656;46;5668;23;4965;5753;258;-334;2894;-2330;60;15957;0;0;0
27172244;5152;5456;1297;2028;26;15;5656;51;5660;27;4968;5753;258;-334;2894;-2330;60;15957;0;0;0
27172290;5145;5452;1297;2045;22;15;5660;46;5665;31;4972;5753;258;-334;2894;-2330;60;15957;0;0;0
27172337;5141;5452;1297;2033;26;15;5660;50;5664;23;4961;5753;258;-334;2894;-2330;60;15957;0;0;0
27172385;5144;5452;1296;2060;19;15;5653;46;5664;26;4965;5753;258;-334;2894;-2330;60;15957;0;0;0
27172431;5152;5453;1293;2041;19;18;5653;43;5665;34;4960;5753;258;-334;2894;-2330;60;15957;0;0;0
27172479;5152;5452;1293;2028;23;22;5660;47;5660;26;4960;5753;258;-334;2894;-2330;60;15957;0;0;0
27172527;5141;5453;1300;2032;18;18;5656;39;5672;22;4961;5753;258;-334;2894;-2330;60;15957;0;0;0
27172576;5152;5449;1304;2060;27;26;5660;42;5661;23;4968;5753;258;-334;2894;-2330;60;15957;0;0;0
27172623;5152;5452;1300;2044;19;15;5653;46;5664;30;4965;5753;258;-334;2894;-2330;60;15957;0;0;0
27172671;5152;5456;1301;2068;19;22;5652;39;5672;34;4964;5753;258;-334;2894;-2330;60;15957;0;0;0
27172719;5137;5449;1293;2037;26;18;5652;42;5664;30;4960;5753;258;-334;2894;-2330;60;15957;0;0;0
27172767;5152;5452;1300;2068;14;19;5652;39;5664;23;4960;5753;258;-334;2894;-2330;60;15957;0;0;0
27172816;5137;5453;1301;2069;23;18;5652;42;5661;30;4961;5753;258;-334;2894;-2330;60;15957;0;0;0
27172863;5152;5452;1296;2045;23;26;5653;46;5668;30;4961;5753;258;-334;2894;-2330;60;15957;0;0;0
27172911;5136;5453;1297;2065;22;19;5657;42;5665;30;4968;5753;258;-334;2894;-2330;60;15957;0;0;0
27172959;5144;5453;1285;2061;34;18;5653;46;5664;27;4961;5753;258;-334;2894;-2330;60;15957;0;0;0
27173008;5136;5453;1297;2064;19;18;5656;50;5664;27;4965;5753;258;-334;2894;-2330;60;15957;0;0;0
27173057;5133;5452;1300;2065;18;30;5653;43;5661;26;4969;5753;258;-334;2894;-2330;60;15957;0;0;0
27173102;5141;5449;1296;2064;22;14;5653;46;5661;26;4964;5753;258;-334;2894;-2330;60;15957;0;0;0
27173151;5140;5452;1292;2045;19;14;5652;42;5661;26;4961;5753;258;-334;2894;-2330;60;15957;0;0;0
27173200;5141;5456;1296;2040;18;19;5652;47;5665;22;4960;5753;258;-334;2894;-2330;60;15957;0;0;0
27173249;5152;5449;1288;2037;22;23;5656;43;5664;34;4961;5753;258;-334;2894;-2330;60;15957;0;0;0
27173295;5144;5453;1296;2057;19;11;5653;43;5665;27;4961;5753;258;-334;2894;-2330;60;15957;0;0;0
27173342;5140;5452;1297;2032;19;15;5653;39;5661;26;4964;5753;258;-334;2894;-2330;60;15957;0;0;0
27173427;5141;5449;1293;2081;26;19;5656;43;5664;30;4964;5753;258;-334;2894;-2330;60;15957;0;0;0
27173474;5140;5452;1296;2069;15;18;5656;42;5657;30;4965;5753;258;-334;2894;-2330;60;15957;0;0;0
27173521;5137;5448;1292;2044;15;0;5652;43;5665;23;4961;5753;258;-334;2894;-2330;60;15957;0;0;0
27173570;5133;5453;1300;2037;14;19;5657;50;5665;26;4968;5753;258;-334;2894;-2330;60;15957;0;0;0
27173618;5140;5449;1289;2028;26;10;5656;42;5665;31;4965;5753;258;-334;2894;-2330;60;15957;0;0;0
27173669;5137;5445;1293;2045;14;19;5652;54;5664;31;4964;5753;258;-334;2894;-2330;60;15957;0;0;0
27173715;5141;5449;1301;2064;19;14;5652;43;5664;30;4957;5753;258;-334;2894;-2330;60;15957;0;0;0
27173762;5137;5453;1296;2037;19;18;5653;39;5668;34;4965;5753;258;-334;2894;-2330;60;15957;0;0;0
27173811;5133;5452;1292;2036;14;22;5657;42;5669;26;4965;5753;258;-334;2894;-2330;60;15957;0;0;0
27173860;5152;5452;1292;2025;11;3;5653;43;5668;23;4969;5753;258;-334;2894;-2330;60;15957;0;0;0
27173908;5133;5449;1292;2032;11;14;5656;46;5665;23;4960;5753;258;-334;2894;-2330;60;15957;0;0;0
27173954;5140;5448;1293;2021;18;18;5657;46;5668;30;4960;5753;258;-334;2894;-2330;60;15957;0;0;0
27174002;5141;5449;1289;2001;22;18;5657;43;5668;23;4960;5753;258;-334;2894;-2330;60;15957;0;0;0
27174051;5140;5456;1293;2020;18;22;5660;42;5661;27;4961;5753;258;-334;2894;-2330;60;15957;0;0;0
27174098;5152;5449;1289;2013;15;15;5653;46;5664;27;4964;5753;258;-334;2894;-2330;60;15957;0;0;0
27174145;5152;5449;1284;2017;15;19;5660;42;5661;31;4968;5753;258;-334;2894;-2330;60;15957;0;0;0
27174194;5141;5453;1293;2020;27;26;5656;51;5664;27;4956;5753;258;-334;2894;-2330;60;15957;0;0;0
27174241;5152;5448;1292;2000;23;19;5660;47;5660;23;4969;5753;258;-334;2894;-2330;60;15957;0;0;0
27174287;5117;5453;1285;2024;22;30;5656;43;5661;26;4964;5753;258;-334;2894;-2330;60;15957;0;0;0
27174334;5152;5449;1289;2021;11;14;5660;46;5661;30;4961;5753;258;-334;2894;-2330;60;15957;0;0;0
27174383;5141;5457;1292;2020;18;18;5656;47;5664;23;4968;5753;258;-334;2894;-2330;60;15957;0;0;0
27174433;5152;5453;1296;2040;14;10;5657;38;5665;23;4965;5753;258;-334;2894;-2330;60;15957;0;0;0
27174481;5117;5444;1285;2021;19;27;5653;47;5660;30;4969;5753;258;-334;2894;-2330;60;15957;0;0;0
27174528;5140;5452;1285;2041;22;14;5656;39;5664;26;4968;5753;258;-334;2894;-2330;60;15957;0;0;0
27174575;5140;5456;1293;2037;26;22;5657;42;5664;27;4965;5753;258;-334;2894;-2330;60;15957;0;0;0
27174623;5136;5449;1293;2021;19;19;5653;46;5672;30;4965;5753;258;-334;2894;-2330;60;15957;0;0;0
27174673;5140;5456;1293;2028;18;15;5653;47;5660;31;4961;5753;258;-334;2894;-2330;60;15957;0;0;0
27174722;5137;5456;1293;2025;19;23;5657;47;5660;18;4960;5753;258;-334;2894;-2330;60;15957;0;0;0
27174769;5136;5449;1296;2025;15;18;5657;43;5657;34;4964;5753;258;-334;2894;-2330;60;15957;0;0;0
27174816;5140;5452;1292;2021;18;23;5656;43;5664;27;4964;5753;258;-334;2894;-2330;60;15957;0;0;0
27174864;5152;5452;1289;2024;22;19;5660;47;5665;30;4961;5753;258;-334;2894;-2330;60;15957;0;0;0
27174914;5152;5452;1289;2020;23;22;5653;54;5664;31;4957;5753;258;-334;2894;-2330;60;15957;0;0;0
27174963;5141;5456;1284;2016;23;26;5656;47;5660;26;4961;5753;258;-334;2894;-2330;60;15957;0;0;0
27175011;5152;5456;1300;2033;19;19;5656;46;5664;30;4968;5753;258;-334;2894;-2330;60;15957;0;0;0
27175057;5141;5452;1292;2016;19;14;5653;39;5661;34;4957;5753;258;-334;2894;-2330;60;15957;0;0;0
27175105;5141;5452;1292;2016;19;19;5653;46;5664;34;4964;5753;258;-334;2894;-2330;60;15957;0;0;0
27175155;5140;5452;1289;2021;27;26;5656;46;5660;26;4961;5753;258;-334;2894;-2330;60;15957;0;0;0
27175205;5133;5445;1292;2008;30;18;5652;43;5661;27;4964;5753;258;-334;2894;-2330;60;15957;0;0;0
27175252;5140;5456;1289;2021;11;18;5657;42;5664;30;4964;5753;258;-334;2894;-2330;60;15957;0;0;0
27175298;5141;5452;1293;2013;30;15;5657;47;5664;27;4961;5753;258;-334;2894;-2330;60;15957;0;0;0
27175345;5137;5453;1289;2008;26;26;5657;46;5665;19;4964;5753;258;-334;2894;-2330;60;15957;0;0;0
27175393;5152;5456;1289;2029;26;18;5657;43;5665;30;4965;5753;258;-334;2894;-2330;60;15957;0;0;0
27175439;5141;5456;1292;2017;18;15;5664;42;5665;26;4965;5753;258;-334;2894;-2330;60;15957;0;0;0
27175527;5141;5452;1293;2061;18;14;5656;46;5665;27;4961;5753;258;-334;2894;-2330;60;15957;0;0;0
27175575;5152;5449;1293;2060;26;19;5661;43;5672;23;4960;5753;258;-334;2894;-2330;60;15957;0;0;0
27175624;5152;5453;1293;2028;26;27;5657;46;5668;31;4968;5753;258;-334;2894;-2330;60;15957;0;0;0
27175671;5152;5453;1293;2033;18;18;5657;43;5665;27;4968;5753;258;-334;2894;-2330;60;15957;0;0;0
27175719;5152;5453;1292;2020;23;22;5661;39;5660;30;4965;5753;258;-334;2894;-2330;60;15957;0;0;0
27175767;5152;5453;1293;2009;18;11;5660;42;5672;27;4961;5753;258;-334;2894;-2330;60;15957;0;0;0
27175816;5137;5452;1289;2008;22;22;5656;46;5665;27;4968;5753;258;-334;2894;-2330;60;15957;0;0;0
27175864;5141;5449;1288;2012;18;22;5657;42;5665;30;4961;5753;258;-334;2894;-2330;60;15957;0;0;0
27175910;5140;5449;1285;2013;15;19;5653;43;5661;26;4968;5753;258;-334;2894;-2330;60;15957;0;0;0
27175959;5141;5453;1292;1997;23;15;5657;39;5668;30;4964;5753;258;-334;2894;-2330;60;15957;0;0;0
27176008;5152;5449;1289;2020;19;7;5656;42;5665;26;4964;5753;258;-334;2894;-2330;60;15957;0;0;0
27176057;5140;5449;1292;2024;27;19;5653;46;5665;31;4964;5753;258;-334;2894;-2330;60;15957;0;0;0
27176103;5152;5452;1292;2017;23;22;5656;46;5664;30;4965;5753;258;-334;2894;-2330;60;15957;0;0;0
27176150;5152;5456;1289;2009;27;38;5657;46;5664;23;4965;5753;258;-334;2894;-2330;60;15957;0;0;0
27176199;5140;5452;1296;2009;19;22;5657;46;5660;27;4965;5753;258;-334;2894;-2330;60;15957;0;0;0
27176247;5152;5448;1288;2025;14;19;5657;47;5665;26;4968;5753;258;-334;2894;-2330;60;15957;0;0;0
27176292;5144;5453;1296;2032;22;18;5657;43;5653;30;4965;5753;258;-334;2894;-2330;60;15957;0;0;0
27176340;5141;5449;1288;2024;19;15;5653;50;5665;30;4964;5753;258;-334;2894;-2330;60;15957;0;0;0
27176389;5145;5453;1285;2028;18;15;5656;50;5664;23;4964;5753;258;-334;2894;-2330;60;15957;0;0;0
27176439;5152;5453;1296;2021;15;15;5657;50;5665;27;4961;5753;258;-334;2894;-2330;60;15957;0;0;0
27176487;5152;5448;1293;2037;15;14;5657;39;5661;26;4968;5753;258;-334;2894;-2330;60;15957;0;0;0
27176534;5152;5456;1285;2040;27;19;5660;47;5661;27;4968;5753;258;-334;2894;-2330;60;15957;0;0;0
27176581;5152;5457;1289;2025;18;15;5657;46;5665;26;4961;5753;258;-334;2894;-2330;60;15957;0;0;0
27176630;5140;5456;1289;2024;14;19;5656;46;5665;34;4968;5753;258;-334;2894;-2330;60;15957;0;0;0
27176679;5137;5452;1292;2013;15;14;5653;43;5668;30;4957;5753;258;-334;2894;-2330;60;15957;0;0;0
27176728;5144;5453;1288;2029;6;14;5652;50;5664;34;4964;5753;258;-334;2894;-2330;60;15957;0;0;0
27176776;5140;5453;1289;2033;26;14;5660;47;5664;18;4961;5753;258;-334;2894;-2330;60;15957;0;0;0
27176822;5152;5460;1289;2017;26;23;5660;43;5665;30;4968;5753;258;-334;2894;-2330;60;15957;0;0;0
27176870;5152;5453;1289;2009;19;11;5653;46;5664;23;4961;5753;258;-334;2894;-2330;60;15957;0;0;0
27176921;5152;5457;1296;2008;15;23;5653;47;5668;30;4960;5753;258;-334;2894;-2330;60;15957;0;0;0
27176970;5140;5453;1293;2017;14;22;5664;46;5664;30;4961;5753;258;-334;2894;-2330;60;15957;0;0;0
27177018;5140;5449;1293;2013;7;15;5657;27;5672;30;4968;5753;258;-334;2894;-2330;60;15957;0;0;0
27177064;5140;5449;1292;2016;23;22;5652;43;5668;22;4961;5753;258;-334;2894;-2330;60;15957;0;0;0
27177112;5152;5448;1301;2033;15;22;5653;47;5664;26;4965;5753;258;-334;2894;-2330;60;15957;0;0;0
27177160;5133;5452;1289;2017;19;18;5653;68;5668;26;4968;5753;258;-334;2894;-2330;60;15957;0;0;0
27177210;5152;5449;1293;2036;19;15;5656;43;5660;26;4964;5753;258;-334;2894;-2330;60;15957;0;0;0
27177259;5140;5453;1289;2020;22;27;5652;46;5665;27;4968;5753;258;-334;2894;-2330;60;15957;0;0;0
27177306;5140;5453;1284;2032;22;19;5661;50;5665;30;4965;5753;258;-334;2894;-2330;60;15957;0;0;0
27177353;5152;5449;1285;2024;22;27;5657;42;5664;23;4968;5753;258;-334;2894;-2330;60;15957;0;0;0
27177400;5152;5448;1297;2013;26;15;5661;46;5665;30;4964;5753;258;-334;2894;-2330;60;15957;0;0;0
27177448;5141;5449;1289;2024;23;18;5653;43;5665;27;4965;5753;258;-334;2894;-2330;60;15957;0;0;0
27177494;5140;5449;1289;2025;15;22;5660;42;5664;26;4965;5753;258;-334;2894;-2330;60;15957;0;0;0
27177577;5152;5449;1292;2077;19;19;5657;46;5668;30;4961;5753;258;-334;2894;-2330;60;15957;0;0;0
27177624;5152;5452;1284;2044;19;22;5661;46;5668;26;4965;5753;258;-334;2894;-2330;60;15957;0;0;0
27177672;5136;5453;1285;2033;19;31;5656;43;5668;23;4972;5753;258;-334;2894;-2330;60;15957;0;0;0
27177722;5152;5453;1293;2033;19;18;5660;46;5669;30;4964;5753;258;-334;2894;-2330;60;15957;0;0;0
27177771;5152;5452;1289;2044;15;6;5656;46;5665;26;4964;5753;258;-334;2894;-2330;60;15957;0;0;0
27177818;5144;5445;1289;2040;19;15;5656;47;5668;34;4968;5753;258;-334;2894;-2330;60;15957;0;0;0
27177864;5140;5453;1288;2040;18;11;5657;46;5664;27;4968;5753;258;-334;2894;-2330;60;15957;0;0;0
27177913;5152;5453;1292;2040;15;22;5653;46;5664;23;4965;5753;258;-334;2894;-2330;60;15957;0;0;0
27177963;5152;5453;1289;2040;18;26;5657;39;5669;23;4968;5753;258;-334;2894;-2330;60;15957;0;0;0
27178012;5152;5456;1289;2040;19;19;5656;39;5665;19;4965;5753;258;-334;2894;-2330;60;15957;0;0;0
27178059;5152;5453;1293;2032;23;22;5652;46;5665;27;4968;5753;258;-334;2894;-2330;60;15957;0;0;0
27178106;5152;5453;1300;2045;15;14;5660;50;5664;34;4969;5753;258;-334;2894;-2330;60;15957;0;0;0
27178153;5152;5453;1289;2037;19;22;5657;50;5668;26;4968;5753;258;-334;2894;-2330;60;15957;0;0;0
27178202;5141;5449;1296;2036;26;26;5649;46;5673;34;4968;5753;258;-334;2894;-2330;60;15957;0;0;0
27178248;5141;5452;1292;2061;19;15;5653;43;5672;27;4965;5753;258;-334;2894;-2330;60;15957;0;0;0
27178296;5141;5456;1301;2032;19;18;5657;38;5661;26;4965;5753;258;-334;2894;-2330;60;15957;0;0;0
27178344;5152;5456;1292;2020;19;18;5653;54;5664;30;4969;5753;258;-334;2894;-2330;60;15957;0;0;0
27178393;5140;5453;1296;2036;34;22;5656;42;5664;27;4964;5753;258;-334;2894;-2330;60;15957;0;0;0
27178441;5152;5453;1288;2028;18;18;5656;43;5664;34;4961;5753;258;-334;2894;-2330;60;15957;0;0;0
27178487;5137;5452;1293;2037;14;18;5657;47;5664;26;4965;5753;258;-334;2894;-2330;60;15957;0;0;0
27178536;5152;5449;1296;2033;26;19;5657;50;5664;30;4964;5753;258;-334;2894;-2330;60;15957;0;0;0
27178584;5152;5449;1296;2016;27;23;5657;42;5669;30;4961;5753;258;-334;2894;-2330;60;15957;0;0;0
27178631;5152;5452;1293;2025;11;11;5653;47;5668;30;4968;5753;258;-334;2894;-2330;60;15957;0;0;0
27178678;5140;5449;1300;2020;15;26;5656;46;5661;30;4968;5753;258;-334;2894;-2330;60;15957;0;0;0
27178727;5137;5456;1300;2028;23;18;5656;46;5661;23;4968;5753;258;-334;2894;-2330;60;15957;0;0;0
27178775;5152;5452;1289;2028;10;18;5657;50;5668;30;4969;5753;258;-334;2894;-2330;60;15957;0;0;0
27178823;5140;5453;1301;2009;26;23;5648;54;5665;27;4961;5753;258;-334;2894;-2330;60;15957;0;0;0
27178870;5152;5453;1296;2033;15;18;5661;39;5668;30;4965;5753;258;-334;2894;-2330;60;15957;0;0;0
27178917;5141;5457;1289;2017;19;23;5652;46;5665;23;4964;5753;258;-334;2894;-2330;60;15957;0;0;0
27178967;5152;5449;1296;2025;10;14;5657;42;5664;23;4968;5753;258;-334;2894;-2330;60;15957;0;0;0
27179015;5152;5452;1288;2028;23;23;5656;43;5665;30;4968;5753;258;-334;2894;-2330;60;15957;0;0;0
27179063;5152;5448;1297;2021;30;22;5660;43;5668;26;4965;5753;258;-334;2894;-2330;60;15957;0;0;0
27179109;5152;5452;1296;2032;19;26;5657;46;5665;26;4968;5753;258;-334;2894;-2330;60;15957;0;0;0
27179157;5152;5453;1293;2025;27;11;5657;46;5665;34;4969;5753;258;-334;2894;-2330;60;15957;0;0;0
27179205;5152;5452;1297;2029;22;26;5656;43;5668;26;4960;5753;258;-334;2894;-2330;60;15957;0;0;0
27179252;5152;5456;1293;2028;18;14;5657;51;5668;34;4968;5753;258;-334;2894;-2330;60;15957;0;0;0
27179299;5137;5456;1285;2016;22;26;5660;50;5661;26;4961;5753;258;-334;2894;-2330;60;15957;0;0;0
27179347;5141;5460;1293;2028;23;18;5660;39;5660;30;4961;5753;258;-334;2894;-2330;60;15957;0;0;0
27179395;5152;5456;1297;2024;18;23;5653;43;5668;23;4968;5753;258;-334;2894;-2330;60;15957;0;0;0
27179445;5152;5453;1296;2025;18;19;5657;47;5665;23;4965;5753;258;-334;2894;-2330;60;15957;0;0;0
27179492;5140;5456;1296;2072;19;11;5657;50;5665;26;4965;5753;258;-334;2894;-2330;60;15957;0;0;0
27179539;5152;5452;1293;2029;15;14;5657;46;5665;26;4961;5753;258;-334;2894;-2330;60;15957;0;0;0
27179588;5140;5448;1284;2037;14;18;5657;46;5668;23;4964;5753;258;-334;2894;-2330;60;15957;0;0;0
27179691;5152;5452;1288;2097;18;27;5660;42;5664;26;4964;5753;258;-334;2894;-2330;60;15957;0;0;0
27179740;5152;5453;1288;2069;26;19;5652;42;5664;26;4961;5753;258;-334;2894;-2330;60;15957;0;0;0
27179789;5152;5445;1285;2065;18;10;5653;46;5661;23;4961;5753;258;-334;2894;-2330;60;15957;0;0;0
27179836;5144;5453;1289;2065;22;15;5657;39;5669;30;4968;5753;258;-334;2894;-2330;60;15957;0;0;0
27179883;5140;5452;1288;2044;11;19;5657;43;5669;27;4961;5753;258;-334;2894;-2330;60;15957;0;0;0
27179930;5152;5453;1292;2040;19;19;5657;39;5661;31;4964;5753;258;-334;2894;-2330;60;15957;0;0;0
27179981;5141;5452;1285;2028;14;14;5657;46;5668;27;4968;5753;258;-334;2894;-2330;60;15957;0;0;0
27180029;5152;5453;1292;2045;23;18;5661;47;5669;34;4965;5753;258;-334;2894;-2330;60;15957;0;0;0
27180078;5144;5453;1285;2021;18;23;5660;42;5664;26;4965;5753;258;-334;2894;-2330;60;15957;0;0;0
27180125;5141;5453;1293;2028;14;19;5664;43;5665;34;4972;5753;258;-334;2894;-2330;60;15957;0;0;0
27180172;5141;5457;1296;2036;26;22;5656;46;5669;30;4964;5753;258;-334;2894;-2330;60;15957;0;0;0
27180220;5141;5453;1284;2021;18;10;5653;42;5664;30;4965;5753;258;-334;2894;-2330;60;15957;0;0;0
27180270;5152;5456;1293;2061;15;7;5660;46;5664;23;4972;5753;258;-334;2894;-2330;60;15957;0;0;0
27180319;5152;5456;1289;2045;19;15;5660;42;5665;34;4969;5753;258;-334;2894;-2330;60;15957;0;0;0
27180367;5137;5456;1285;2064;19;10;5656;43;5664;26;4961;5753;258;-334;2894;-2330;60;15957;0;0;0
27180413;5152;5457;1288;2037;18;19;5660;47;5668;27;4961;5753;258;-334;2894;-2330;60;15957;0;0;0
27180460;5137;5452;1289;2036;11;19;5661;38;5665;23;4965;5753;258;-334;2894;-2330;60;15957;0;0;0
27180509;5152;5445;1296;2064;27;14;5660;43;5665;27;4965;5753;258;-334;2894;-2330;60;15957;0;0;0
27180555;5152;5456;1293;2036;10;23;5656;43;5664;26;4965;5753;258;-334;2894;-2330;60;15957;0;0;0
27180602;5152;5456;1296;2029;22;23;5657;42;5664;34;4964;5753;258;-334;2894;-2330;60;15957;0;0;0
27180651;5141;5457;1288;2033;19;19;5656;46;5664;27;4965;5753;258;-334;2894;-2330;60;15957;0;0;0
27180700;5141;5456;1289;2033;23;19;5656;42;5665;26;4964;5753;258;-334;2894;-2330;60;15957;0;0;0
27180751;5141;5449;1296;2064;23;19;5656;51;5660;31;4969;5753;258;-334;2894;-2330;60;15957;0;0;0
27180797;5141;5449;1280;2032;26;11;5653;39;5676;23;4961;5753;258;-334;2894;-2330;60;15957;0;0;0
27180844;5152;5456;1289;2036;19;15;5657;46;5668;30;4964;5753;258;-334;2894;-2330;60;15957;0;0;0
27180892;5152;5452;1284;2033;26;18;5656;50;5669;30;4961;5753;258;-334;2894;-2330;60;15957;0;0;0
27180941;5137;5448;1293;2037;26;27;5656;43;5665;23;4968;5753;258;-334;2894;-2330;60;15957;0;0;0
27180991;5140;5449;1288;2037;26;19;5661;50;5660;26;4984;5753;258;-334;2894;-2330;60;15957;0;0;0
27181040;5140;5449;1293;2033;26;19;5657;47;5664;31;4961;5753;258;-334;2894;-2330;60;15957;0;0;0
27181087;5141;5453;1288;2065;22;15;5657;46;5668;31;4973;5751;261;-336;2905;-2352;70;15952;-80;112;0
27181134;5152;5453;1281;2045;26;18;5657;42;5665;30;4968;5752;260;-333;2877;-2307;63;15963;94;-78;0
27181182;5152;5457;1284;2028;14;15;5657;43;5664;31;4964;5752;259;-334;2891;-2336;69;15957;61;0;0
27181233;5152;5456;1273;2036;11;22;5657;50;5664;30;4972;5752;258;-334;2890;-2327;65;15958;-16;0;0
27181281;5140;5449;1284;2033;14;22;5660;50;5669;27;4965;5752;258;-334;2893;-2332;64;15957;-12;-16;0
27181329;5152;5456;1273;2057;19;22;5656;39;5661;26;4969;5752;259;-334;2895;-2337;64;15956;0;0;0
27181375;5152;5453;1277;2033;15;19;5657;46;5668;26;4965;5752;258;-334;2894;-2334;65;15956;0;0;0
27181423;5152;5449;1280;2025;27;15;5664;46;5664;23;4964;5752;258;-334;2894;-2332;65;15957;0;0;0
27181474;5140;5457;1280;2028;18;18;5653;50;5665;31;4968;5752;258;-334;2895;-2333;65;15956;0;0;0
27181523;5152;5457;1276;2020;27;19;5660;39;5669;22;4961;5752;259;-334;2895;-2334;65;15956;0;0;0
27181569;5140;5452;1280;2032;26;22;5653;35;5660;23;4968;5752;259;-334;2895;-2335;64;15956;0;0;0
27181616;5152;5456;1284;2025;14;14;5657;46;5669;26;4968;5752;259;-334;2895;-2335;64;15956;0;0;0
27181664;5152;5453;1276;2017;23;26;5653;43;5665;31;4965;5752;259;-334;2895;-2335;64;15956;0;0;0
27181754;5152;5457;1284;2088;7;11;5657;47;5664;26;4969;5752;259;-334;2895;-2335;64;15956;0;0;0
27181805;5117;5453;1281;2044;27;18;5657;50;5669;23;4968;5752;259;-334;2895;-2335;64;15956;0;0;0
27181852;5152;5449;1285;2040;19;26;5660;46;5664;27;4968;5752;259;-334;2895;-2335;64;15956;0;0;0
27181899;5152;5453;1284;2025;22;18;5656;39;5669;27;4969;5752;259;-334;2895;-2335;64;15956;0;0;0
27181946;5152;5453;1281;2020;18;19;5660;50;5668;34;4968;5752;259;-334;2895;-2335;64;15956;0;0;0
27181995;5152;5449;1285;2033;26;19;5656;38;5665;26;4961;5752;259;-334;2895;-2335;64;15956;0;0;0
27182045;5152;5453;1288;2020;18;30;5657;39;5668;31;4969;5752;259;-334;2895;-2335;64;15956;0;0;0
27182093;5152;5449;1280;2036;11;26;5653;50;5661;27;4965;5752;259;-334;2895;-2335;64;15956;0;0;0
27182140;5152;5453;1284;2025;26;14;5657;39;5668;30;4969;5752;259;-334;2895;-2335;64;15956;0;0;0
27182187;5152;5456;1285;2028;23;19;5657;38;5664;31;4968;5752;259;-334;2895;-2335;64;15956;0;0;0
27182235;5141;5453;1277;2028;18;11;5657;43;5669;23;4972;5752;259;-334;2895;-2335;64;15956;0;0;0
27182286;5141;5449;1285;2037;19;14;5660;51;5668;34;4973;5752;259;-334;2895;-2335;64;15956;0;0;0
27182334;5152;5456;1288;2037;23;30;5656;50;5669;26;4965;5752;259;-334;2895;-2335;64;15956;0;0;0
27182382;5152;5456;1284;2036;22;15;5653;42;5664;34;4968;5752;259;-334;2895;-2335;64;15956;0;0;0
27182428;5152;5452;1284;2032;18;15;5657;42;5665;22;4972;5752;259;-334;2895;-2335;64;15956;0;0;0
27182476;5152;5456;1281;2044;19;15;5653;47;5664;34;4965;5752;259;-334;2895;-2335;64;15956;0;0;0
27182527;5152;5456;1284;2044;27;18;5657;46;5665;27;4968;5752;259;-334;2895;-2335;64;15956;0;0;0
27182576;5141;5449;1280;2040;19;22;5661;46;5668;26;4968;5752;259;-334;2895;-2335;64;15956;0;0;0
27182622;5152;5449;1281;2032;18;22;5656;46;5668;30;4976;5752;259;-334;2895;-2335;64;15956;0;0;0
27182669;5140;5453;1276;2044;22;19;5657;50;5664;22;4969;5752;259;-334;2895;-2335;64;15956;0;0;0
27182717;5152;5457;1281;2036;22;22;5656;50;5661;35;4973;5752;259;-334;2895;-2335;64;15956;0;0;0
27182766;5152;5453;1289;2025;19;18;5660;50;5669;35;4965;5752;259;-334;2895;-2335;64;15956;0;0;0
27182811;5136;5449;1284;2025;30;18;5657;46;5668;34;4964;5752;259;-334;2895;-2335;64;15956;0;0;0
27182859;5144;5460;1273;2016;15;23;5660;47;5668;30;4976;5752;259;-334;2895;-2335;64;15956;0;0;0
27182908;5152;5452;1288;2021;31;18;5657;43;5668;26;4964;5752;259;-334;2895;-2335;64;15956;0;0;0
27182956;5152;5460;1276;2037;22;26;5657;46;5669;30;4968;5752;259;-334;2895;-2335;64;15956;0;0;0
27183002;5137;5452;1280;2032;22;22;5660;50;5669;18;4969;5752;259;-334;2895;-2335;64;15956;0;0;0
27183051;5152;5453;1280;2029;18;18;5657;46;5664;30;4968;5752;259;-334;2895;-2335;64;15956;0;0;0
27183099;5152;5453;1281;2013;18;11;5657;39;5669;34;4972;5752;259;-334;2895;-2335;64;15956;0;0;0
27183148;5152;5456;1277;2020;22;22;5656;43;5669;23;4969;5752;259;-334;2895;-2335;64;15956;0;0;0
27183195;5152;5452;1280;2028;23;23;5660;47;5664;30;4973;5752;259;-334;2895;-2335;64;15956;0;0;0
27183242;5140;5456;1280;2021;22;18;5660;35;5661;30;4965;5752;259;-334;2895;-2335;64;15956;0;0;0
27183291;5141;5456;1284;2028;22;18;5657;43;5668;31;4969;5752;259;-334;2895;-2335;64;15956;0;0;0
27183339;5141;5453;1280;2013;34;18;5656;46;5661;34;4972;5752;259;-334;2895;-2335;64;15956;0;0;0
27183387;5152;5449;1281;2020;18;22;5660;43;5673;27;4969;5752;259;-334;2895;-2335;64;15956;0;0;0
27183434;5152;5453;1277;2033;30;14;5657;46;5665;30;4972;5752;259;-334;2895;-2335;64;15956;0;0;0
27183481;5152;5453;1277;2012;22;18;5656;46;5665;30;4973;5752;259;-334;2895;-2335;64;15956;0;0;0
27183531;5152;5452;1277;2028;22;23;5660;46;5664;23;4973;5752;259;-334;2895;-2335;64;15956;0;0;0
27183579;5152;5457;1285;2005;3;18;5653;46;5668;23;4973;5752;259;-334;2895;-2335;64;15956;0;0;0
27183627;5152;5449;1289;2024;14;18;5660;43;5665;27;4961;5752;259;-334;2895;-2335;64;15956;0;0;0
27183674;5152;5457;1281;2028;19;22;5657;47;5664;22;4969;5752;259;-334;2895;-2335;64;15956;0;0;0
27183721;5152;5449;1280;2020;22;7;5657;50;5664;27;4968;5752;259;-334;2895;-2335;64;15956;0;0;0
27183770;5141;5453;1285;2036;22;19;5657;47;5660;23;4969;5752;259;-334;2895;-2335;64;15956;0;0;0
27183853;5152;5456;1284;2077;14;22;5656;43;5668;26;4968;5752;259;-334;2895;-2335;64;15956;0;0;0
27183901;5137;5452;1273;2032;23;14;5653;50;5665;26;4972;5752;259;-334;2895;-2335;64;15956;0;0;0
27183950;5140;5452;1273;2033;15;27;5657;51;5664;27;4968;5752;259;-334;2895;-2335;64;15956;0;0;0
27183997;5152;5452;1280;2029;26;27;5653;42;5668;23;4964;5752;259;-334;2895;-2335;64;15956;0;0;0
27184047;5152;5453;1280;2028;23;26;5660;46;5664;26;4968;5752;259;-334;2895;-2335;64;15956;0;0;0
27184094;5152;5452;1280;2017;22;26;5653;43;5665;30;4961;5752;259;-334;2895;-2335;64;15956;0;0;0
27184142;5152;5456;1281;2008;15;18;5656;46;5665;27;4965;5752;259;-334;2895;-2335;64;15956;0;0;0
27184190;5144;5453;1281;2020;26;27;5660;39;5664;19;4968;5752;259;-334;2895;-2335;64;15956;0;0;0
27184237;5152;5453;1280;2017;26;15;5657;42;5668;30;4968;5752;259;-334;2895;-2335;64;15956;0;0;0
27184286;5141;5453;1276;2008;11;23;5660;46;5664;27;4969;5752;259;-334;2895;-2335;64;15956;0;0;0
27184333;5141;5453;1277;2020;19;18;5657;46;5660;23;4969;5752;259;-334;2895;-2335;64;15956;0;0;0
27184382;5152;5453;1277;1996;22;14;5657;39;5661;34;4968;5752;259;-334;2895;-2335;64;15956;0;0;0
27184430;5141;5456;1288;2016;18;14;5660;50;5664;31;4968;5752;259;-334;2895;-2335;64;15956;0;0;0
27184477;5152;5456;1289;2016;22;23;5657;43;5665;30;4968;5752;259;-334;2895;-2335;64;15956;0;0;0
27184524;5140;5453;1284;2008;26;15;5656;46;5668;27;4969;5752;259;-334;2895;-2335;64;15956;0;0;0
27184573;5137;5449;1284;2009;19;18;5656;51;5661;31;4969;5752;259;-334;2895;-2335;64;15956;0;0;0
27184619;5137;5452;1281;2005;10;22;5657;47;5665;27;4964;5752;259;-334;2895;-2335;64;15956;0;0;0
27184666;5152;5453;1280;2009;34;15;5657;42;5661;30;4964;5752;259;-334;2895;-2335;64;15956;0;0;0
27184714;5152;5453;1281;2020;31;19;5656;43;5669;26;4973;5752;259;-334;2895;-2335;64;15956;0;0;0
27184762;5152;5456;1281;2012;18;18;5660;39;5665;26;4969;5752;259;-334;2895;-2335;64;15956;0;0;0
27184813;5152;5453;1288;2025;19;18;5656;43;5664;34;4969;5752;259;-334;2895;-2335;64;15956;0;0;0
27184862;5152;5457;1277;2024;26;26;5660;50;5665;22;4969;5752;259;-334;2895;-2335;64;15956;0;0;0
27184909;5140;5457;1280;2036;14;15;5660;43;5668;22;4965;5752;259;-334;2895;-2335;64;15956;0;0;0
27184955;5144;5460;1288;2024;15;23;5657;47;5668;26;4969;5752;259;-334;2895;-2335;64;15956;0;0;0
27185004;5152;5453;1285;2001;23;19;5657;50;5664;26;4969;5752;259;-334;2895;-2335;64;15956;0;0;0
27185054;5152;5449;1284;2020;22;34;5660;43;5665;26;4969;5752;259;-334;2895;-2335;64;15956;0;0;0
27185103;5152;5449;1281;2009;15;11;5661;50;5668;27;4965;5752;259;-334;2895;-2335;64;15956;0;0;0
27185150;5152;5452;1281;2024;27;22;5657;50;5669;34;4964;5752;259;-334;2895;-2335;64;15956;0;0;0
27185197;5152;5452;1281;2025;14;18;5656;50;5665;22;4972;5752;259;-334;2895;-2335;64;15956;0;0;0
27185245;5152;5456;1285;2017;19;14;5664;46;5669;30;4968;5752;259;-334;2895;-2335;64;15956;0;0;0
27185295;5152;5457;1284;2036;19;18;5660;50;5668;30;4969;5752;259;-334;2895;-2335;64;15956;0;0;0
27185344;5152;5456;1285;2012;7;19;5653;46;5664;34;4965;5752;259;-334;2895;-2335;64;15956;0;0;0
27185391;5152;5448;1277;2032;26;11;5657;50;5661;34;4973;5752;259;-334;2895;-2335;64;15956;0;0;0
27185438;5152;5456;1281;2028;18;22;5660;46;5664;30;4968;5752;259;-334;2895;-2335;64;15956;0;0;0
27185486;5152;5457;1288;2021;26;15;5656;42;5669;26;4976;5752;259;-334;2895;-2335;64;15956;0;0;0
27185536;5144;5452;1284;2028;19;18;5660;43;5664;30;4965;5752;259;-334;2895;-2335;64;15956;0;0;0
27185585;5152;5452;1284;2029;18;26;5660;43;5669;30;4972;5752;259;-334;2895;-2335;64;15956;0;0;0
27185633;5140;5452;1281;2033;19;22;5656;39;5668;23;4969;5752;259;-334;2895;-2335;64;15956;0;0;0
27185680;5152;5449;1285;2024;22;19;5661;39;5665;30;4965;5752;259;-334;2895;-2335;64;15956;0;0;0
27185726;5152;5456;1280;2024;15;18;5660;50;5665;34;4968;5752;259;-334;2895;-2335;64;15956;0;0;0
27185773;5140;5452;1280;2032;26;23;5661;43;5652;34;4968;5752;259;-334;2895;-2335;64;15956;0;0;0
27185822;5137;5457;1285;2021;18;22;5661;50;5668;23;4961;5752;259;-334;2895;-2335;64;15956;0;0;0
27185905;5152;5452;1280;2072;23;15;5657;46;5661;26;4972;5752;259;-334;2895;-2335;64;15956;0;0;0
27185951;5137;5456;1292;2068;26;26;5660;47;5669;30;4968;5752;259;-334;2895;-2335;64;15956;0;0;0
27185998;5137;5453;1288;2021;14;18;5656;43;5665;23;4969;5752;259;-334;2895;-2335;64;15956;0;0;0
27186047;5140;5449;1289;2025;19;15;5661;43;5672;30;4968;5752;259;-334;2895;-2335;64;15956;0;0;0
27186097;5140;5452;1281;2029;11;26;5656;35;5664;26;4965;5752;259;-334;2895;-2335;64;15956;0;0;0
27186145;5152;5453;1297;2025;19;18;5660;43;5665;26;4976;5752;259;-334;2895;-2335;64;15956;0;0;0
27186192;5141;5453;1288;2037;7;19;5660;39;5664;23;4976;5752;259;-334;2895;-2335;64;15956;0;0;0
27186239;5152;5457;1281;2024;18;18;5657;35;5665;30;4961;5752;259;-334;2895;-2335;64;15956;0;0;0
27186287;5141;5457;1289;2021;18;15;5661;42;5664;34;4968;5752;259;-334;2895;-2335;64;15956;0;0;0
27186337;5152;5460;1284;2028;23;22;5653;42;5672;26;4964;5752;259;-334;2895;-2335;64;15956;0;0;0
27186386;5141;5452;1281;2024;18;22;5657;42;5665;26;4965;5752;259;-334;2895;-2335;64;15956;0;0;0
27186433;5152;5453;1284;2036;19;19;5656;43;5665;30;4973;5752;259;-334;2895;-2335;64;15956;0;0;0
27186480;5152;5449;1289;2020;27;22;5656;46;5664;27;4968;5752;259;-334;2895;-2335;64;15956;0;0;0
27186527;5152;5456;1284;2025;23;27;5660;43;5669;27;4969;5752;259;-334;2895;-2335;64;15956;0;0;0
27186576;5137;5456;1292;2029;19;26;5653;47;5664;22;4972;5752;259;-334;2895;-2335;64;15956;0;0;0
27186622;5152;5456;1292;2016;18;23;5656;42;5660;27;4969;5752;259;-334;2895;-2335;64;15956;0;0;0
27186670;5152;5453;1285;2025;14;18;5653;42;5665;26;4968;5752;259;-334;2895;-2335;64;15956;0;0;0
27186718;5152;5452;1288;2032;18;18;5657;46;5660;26;4964;5752;259;-334;2895;-2335;64;15956;0;0;0
27186766;5152;5452;1288;2032;18;22;5661;39;5665;19;4965;5752;259;-334;2895;-2335;64;15956;0;0;0
27186817;5141;5453;1285;2029;22;23;5653;47;5664;19;4969;5752;259;-334;2895;-2335;64;15956;0;0;0
27186864;5152;5456;1285;2021;19;18;5657;50;5661;34;4969;5752;259;-334;2895;-2335;64;15956;0;0;0
27186911;5144;5456;1292;2029;18;15;5653;42;5664;27;4969;5752;259;-334;2895;-2335;64;15956;0;0;0
27186959;5140;5457;1281;2024;14;26;5653;47;5661;30;4965;5752;259;-334;2895;-2335;64;15956;0;0;0
27187008;5152;5452;1284;2028;23;18;5656;46;5664;26;4969;5752;259;-334;2895;-2335;64;15956;0;0;0
27187059;5152;5453;1284;2036;18;15;5656;46;5668;30;4961;5752;259;-334;2895;-2335;64;15956;0;0;0
27187105;5140;5453;1292;2028;18;26;5657;50;5668;31;4961;5752;259;-334;2895;-2335;64;15956;0;0;0
27187152;5152;5449;1292;2029;7;23;5653;46;5672;35;4969;5752;259;-334;2895;-2335;64;15956;0;0;0
27187201;5152;5453;1288;2017;15;15;5653;46;5665;27;4969;5752;259;-334;2895;-2335;64;15956;0;0;0
27187250;5141;5453;1280;2025;26;23;5661;46;5665;34;4965;5752;259;-334;2895;-2335;64;15956;0;0;0
27187298;5152;5453;1284;2032;14;19;5656;46;5657;27;4973;5752;259;-334;2895;-2335;64;15956;0;0;0
27187345;5152;5456;1289;2020;34;18;5657;42;5661;26;4969;5752;259;-334;2895;-2335;64;15956;0;0;0
27187392;5152;5452;1289;2020;22;19;5660;39;5669;30;4968;5752;259;-334;2895;-2335;64;15956;0;0;0
27187441;5152;5453;1284;2008;19;22;5657;43;5665;22;4961;5752;259;-334;2895;-2335;64;15956;0;0;0
27187488;5152;5456;1285;2009;26;19;5656;46;5664;31;4968;5752;259;-334;2895;-2335;64;15956;0;0;0
27187535;5152;5453;1284;2012;19;22;5656;42;5664;30;4965;5752;259;-334;2895;-2335;64;15956;0;0;0
27187584;5152;5460;1284;2009;23;19;5660;39;5665;30;4972;5752;259;-334;2895;-2335;64;15956;0;0;0
27187631;5140;5449;1285;2005;19;15;5653;43;5672;27;4968;5752;259;-334;2895;-2335;64;15956;0;0;0
27187676;5152;5452;1284;2009;18;18;5653;42;5661;31;4964;5752;259;-334;2895;-2335;64;15956;0;0;0
27187724;5137;5453;1288;2004;22;11;5657;43;5668;30;4972;5752;259;-334;2895;-2335;64;15956;0;0;0
27187772;5152;5453;1296;2012;14;27;5661;39;5661;30;4969;5752;259;-334;2895;-2335;64;15956;0;0;0
27187823;5152;5449;1285;2005;22;14;5656;39;5664;27;4972;5752;259;-334;2895;-2335;64;15956;0;0;0
27187870;5152;5456;1292;2009;22;18;5656;42;5665;31;4965;5752;259;-334;2895;-2335;64;15956;0;0;0
27187918;5152;5457;1288;2009;14;18;5656;46;5665;26;4968;5752;259;-334;2895;-2335;64;15956;0;0;0
27188012;5144;5448;1285;2045;19;18;5656;46;5665;26;4976;5752;259;-334;2895;-2335;64;15956;0;0;0
27188060;5137;5448;1289;2016;22;2;5656;50;5665;26;4965;5752;259;-334;2895;-2335;64;15956;0;0;0
27188109;5152;5452;1292;2021;18;26;5656;39;5661;26;4961;5752;259;-334;2895;-2335;64;15956;0;0;0
27188156;5152;5452;1284;2021;22;18;5653;43;5664;27;4973;5752;259;-334;2895;-2335;64;15956;0;0;0
27188204;5137;5453;1288;1989;22;18;5653;43;5668;34;4969;5752;259;-334;2895;-2335;64;15956;0;0;0
27188253;5152;5452;1293;2012;7;22;5656;46;5664;30;4968;5752;259;-334;2895;-2335;64;15956;0;0;0
27188300;5152;5452;1285;2024;19;22;5660;46;5668;23;4969;5752;259;-334;2895;-2335;64;15956;0;0;0
27188349;5152;5449;1285;2028;22;18;5661;42;5676;23;4965;5752;259;-334;2895;-2335;64;15956;0;0;0
27188396;5152;5452;1289;2028;18;30;5657;39;5665;23;4964;5752;259;-334;2895;-2335;64;15956;0;0;0
27188444;5152;5449;1288;2013;22;23;5657;43;5664;30;4968;5752;259;-334;2895;-2335;64;15956;0;0;0
27188492;5152;5452;1285;2020;18;19;5653;46;5665;27;4965;5752;259;-334;2895;-2335;64;15956;0;0;0
27188539;5152;5452;1285;2024;26;19;5657;42;5668;27;4972;5752;259;-334;2895;-2335;64;15956;0;0;0
27188587;5152;5453;1289;2032;30;23;5660;42;5668;23;4968;5752;259;-334;2895;-2335;64;15956;0;0;0
27188635;5152;5453;1288;2021;23;27;5657;51;5661;27;4968;5752;259;-334;2895;-2335;64;15956;0;0;0
27188680;5152;5449;1288;2005;26;23;5656;39;5672;30;4973;5752;259;-334;2895;-2335;64;15956;0;0;0
27188727;5136;5449;1273;2020;14;23;5653;46;5669;26;4968;5752;259;-334;2895;-2335;64;15956;0;0;0
27188776;5140;5453;1293;2021;23;11;5652;43;5664;27;4968;5752;259;-334;2895;-2335;64;15956;0;0;0
27188827;5152;5453;1288;2013;15;18;5656;46;5665;26;4968;5752;259;-334;2895;-2335;64;15956;0;0;0
27188875;5141;5452;1296;2021;26;18;5656;51;5660;30;4964;5752;259;-334;2895;-2335;64;15956;0;0;0
27188924;5152;5457;1289;2012;22;22;5660;46;5664;30;4968;5752;259;-334;2895;-2335;64;15956;0;0;0
27188971;5152;5453;1293;2033;26;18;5656;46;5665;34;4969;5752;259;-334;2895;-2335;64;15956;0;0;0
27189018;5137;5456;1288;2021;18;18;5656;43;5664;35;4969;5752;259;-334;2895;-2335;64;15956;0;0;0
27189066;5140;5453;1289;2013;23;19;5657;42;5669;27;4973;5752;259;-334;2895;-2335;64;15956;0;0;0
27189116;5144;5452;1285;2028;23;23;5656;39;5664;30;4965;5752;259;-334;2895;-2335;64;15956;0;0;0
27189165;5141;5453;1292;2020;18;11;5657;50;5665;30;4972;5752;259;-334;2895;-2335;64;15956;0;0;0
27189212;5152;5457;1293;2029;18;18;5657;43;5665;26;4964;5752;259;-334;2895;-2335;64;15956;0;0;0
27189258;5140;5457;1289;2024;23;22;5657;43;5664;23;4969;5752;259;-334;2895;-2335;64;15956;0;0;0
27189307;5141;5453;1292;2024;18;23;5657;46;5668;26;4969;5752;259;-334;2895;-2335;64;15956;0;0;0
27189357;5141;5452;1293;2033;18;15;5657;42;5668;27;4973;5752;259;-334;2895;-2335;64;15956;0;0;0
27189406;5140;5453;1296;2020;18;18;5657;46;5669;30;4965;5752;259;-334;2895;-2335;64;15956;0;0;0
27189453;5137;5453;1293;2036;19;19;5657;46;5668;27;4965;5752;259;-334;2895;-2335;64;15956;0;0;0
27189500;5152;5457;1293;2017;22;22;5660;43;5664;26;4969;5752;259;-334;2895;-2335;64;15956;0;0;0
27189548;5133;5452;1293;2013;11;15;5653;38;5668;27;4965;5752;259;-334;2895;-2335;64;15956;0;0;0
27189598;5152;5457;1289;2013;22;19;5657;42;5664;26;4965;5752;259;-334;2895;-2335;64;15956;0;0;0
27189646;5152;5453;1293;2004;19;22;5657;39;5669;30;4972;5752;259;-334;2895;-2335;64;15956;0;0;0
27189694;5152;5449;1292;2020;18;19;5657;43;5665;22;4968;5752;259;-334;2895;-2335;64;15956;0;0;0
27189740;5152;5453;1289;2004;22;18;5657;50;5664;27;4969;5752;259;-334;2895;-2335;64;15956;0;0;0
27189788;5141;5457;1292;2005;22;14;5656;38;5669;27;4969;5752;259;-334;2895;-2335;64;15956;0;0;0
27189836;5152;5456;1293;2012;26;19;5656;42;5661;31;4965;5752;259;-334;2895;-2335;64;15956;0;0;0
27189882;5140;5448;1300;2000;18;19;5657;39;5661;26;4965;5752;259;-334;2895;-2335;64;15956;0;0;0
27189930;5152;5452;1288;2005;46;22;5656;35;5664;30;4965;5752;259;-334;2895;-2335;64;15956;0;0;0
27189979;5144;5453;1289;2008;30;18;5660;42;5668;26;4965;5752;259;-334;2895;-2335;64;15956;0;0;0
27190026;5152;5452;1289;2001;22;27;5657;46;5665;23;4968;5752;259;-334;2895;-2335;64;15956;0;0;0
27190114;5152;5453;1288;2041;22;11;5653;34;5661;30;4968;5752;259;-334;2895;-2335;64;15956;0;0;0
27190161;5141;5452;1288;2012;26;19;5653;43;5668;26;4972;5752;259;-334;2895;-2335;64;15956;0;0;0
27190210;5144;5449;1281;2020;19;18;5656;46;5668;22;4969;5752;259;-334;2895;-2335;64;15956;0;0;0
27190258;5137;5452;1281;2017;19;22;5652;42;5661;27;4969;5752;259;-334;2895;-2335;64;15956;0;0;0
27190305;5152;5449;1293;2012;19;19;5660;42;5668;27;4965;5752;259;-334;2895;-2335;64;15956;0;0;0
27190354;5152;5453;1285;2013;35;19;5656;42;5669;27;4972;5752;259;-334;2895;-2335;64;15956;0;0;0
27190401;5117;5453;1288;2008;14;14;5657;46;5669;26;4972;5752;259;-334;2895;-2335;64;15956;0;0;0
27190449;5145;5452;1292;2001;19;18;5653;42;5664;26;4976;5752;259;-334;2895;-2335;64;15956;0;0;0
27190498;5152;5456;1293;2005;18;18;5653;43;5664;15;4968;5752;259;-334;2895;-2335;64;15956;0;0;0
27190545;5152;5449;1292;2001;15;18;5653;39;5669;31;4968;5752;259;-334;2895;-2335;64;15956;0;0;0
27190592;5137;5449;1289;2013;23;18;5657;47;5664;26;4969;5752;259;-334;2895;-2335;64;15956;0;0;0
27190641;5140;5456;1281;2004;23;27;5653;47;5668;39;4972;5752;259;-334;2895;-2335;64;15956;0;0;0
27190688;5152;5453;1300;2032;10;14;5657;50;5668;27;4965;5752;259;-334;2895;-2335;64;15956;0;0;0
27190734;5140;5452;1292;2024;19;22;5652;46;5669;22;4969;5752;259;-334;2895;-2335;64;15956;0;0;0
27190782;5152;5460;1292;2004;19;26;5660;43;5661;30;4957;5752;259;-334;2895;-2335;64;15956;0;0;0
27190830;5152;5456;1288;2013;27;22;5657;39;5664;31;4964;5752;259;-334;2895;-2335;64;15956;0;0;0
27190881;5140;5448;1288;2016;19;18;5656;43;5664;19;4973;5752;259;-334;2895;-2335;64;15956;0;0;0
27190930;5152;5449;1293;2024;22;7;5657;47;5664;34;4969;5752;259;-334;2895;-2335;64;15956;0;0;0
27190977;5144;5456;1289;2040;23;26;5653;43;5665;27;4964;5752;259;-334;2895;-2335;64;15956;0;0;0
27191023;5144;5449;1293;2025;22;19;5657;50;5665;26;4969;5752;259;-334;2895;-2335;64;15956;0;0;0
27191072;5137;5456;1292;2029;22;19;5657;42;5668;23;4968;5752;259;-334;2895;-2335;64;15956;0;0;0
27191122;5152;5452;1285;2037;15;15;5657;42;5669;27;4969;5752;259;-334;2895;-2335;64;15956;0;0;0
27191171;5152;5453;1285;2041;30;23;5657;43;5664;23;4965;5752;259;-334;2895;-2335;64;15956;0;0;0
27191218;5141;5457;1284;2036;19;11;5660;47;5665;30;4972;5752;259;-334;2895;-2335;64;15956;0;0;0
27191265;5152;5453;1285;2029;22;11;5649;46;5665;30;4972;5752;259;-334;2895;-2335;64;15956;0;0;0
27191313;5140;5456;1277;2029;19;10;5656;50;5664;26;4968;5752;259;-334;2895;-2335;64;15956;0;0;0
27191363;5133;5452;1289;2028;19;15;5656;51;5661;34;4968;5752;259;-334;2895;-2335;64;15956;0;0;0
27191411;5141;5457;1292;2033;27;10;5657;43;5664;35;4968;5752;259;-334;2895;-2335;64;15956;0;0;0
27191458;5137;5452;1281;2040;26;19;5656;47;5664;23;4965;5752;259;-334;2895;-2335;64;15956;0;0;0
27191505;5140;5453;1284;2040;26;14;5660;43;5665;27;4968;5752;259;-334;2895;-2335;64;15956;0;0;0
27191554;5152;5452;1288;2024;10;30;5661;50;5661;27;4965;5752;259;-334;2895;-2335;64;15956;0;0;0
27191603;5140;5448;1284;2017;7;15;5644;54;5664;22;4969;5752;259;-334;2895;-2335;64;15956;0;0;0
27191652;5152;5453;1285;2029;10;22;5660;39;5661;26;4965;5752;259;-334;2895;-2335;64;15956;0;0;0
27191700;5141;5452;1285;2024;27;34;5657;47;5664;30;4972;5752;259;-334;2895;-2335;64;15956;0;0;0
27191747;5152;5449;1281;2041;22;18;5653;43;5664;26;4968;5752;259;-334;2895;-2335;64;15956;0;0;0
27191794;5140;5452;1284;2029;27;22;5656;38;5664;11;4968;5752;259;-334;2895;-2335;64;15956;0;0;0
27191842;5152;5457;1284;2013;22;11;5657;47;5665;30;4965;5752;259;-334;2895;-2335;64;15956;0;0;0
27191888;5152;5452;1284;2028;26;23;5660;39;5664;27;4964;5752;259;-334;2895;-2335;64;15956;0;0;0
27191936;5141;5449;1292;2032;18;19;5656;42;5664;26;4972;5752;259;-334;2895;-2335;64;15956;0;0;0
27191984;5152;5452;1285;2013;19;26;5653;42;5664;27;4972;5752;259;-334;2895;-2335;64;15956;0;0;0
27192032;5141;5445;1288;2045;19;18;5657;43;5668;26;4968;5752;259;-334;2895;-2335;64;15956;0;0;0
27192079;5152;5453;1284;2044;15;18;5660;39;5668;23;4973;5752;259;-334;2895;-2335;64;15956;0;0;0
27192164;5140;5453;1285;2076;22;22;5653;50;5668;34;4961;5752;259;-334;2895;-2335;64;15956;0;0;0
27192212;5152;5453;1285;2073;22;19;5656;42;5664;26;4964;5752;259;-334;2895;-2335;64;15956;0;0;0
27192258;5152;5445;1285;2037;18;26;5653;39;5664;26;4969;5752;259;-334;2895;-2335;64;15956;0;0;0
27192306;5152;5452;1288;2024;11;18;5657;43;5668;27;4968;5752;259;-334;2895;-2335;64;15956;0;0;0
27192355;5152;5452;1292;2029;22;22;5653;39;5669;23;4969;5752;259;-334;2895;-2335;64;15956;0;0;0
27192405;5152;5452;1293;2016;14;19;5657;51;5665;23;4965;5752;259;-334;2895;-2335;64;15956;0;0;0
27192453;5152;5449;1293;2033;26;19;5661;46;5661;23;4968;5752;259;-334;2895;-2335;64;15956;0;0;0
27192500;5141;5452;1289;2024;22;22;5653;42;5668;22;4968;5752;259;-334;2895;-2335;64;15956;0;0;0
27192547;5152;5456;1292;2028;18;27;5653;39;5665;26;4960;5752;259;-334;2895;-2335;64;15956;0;0;0
27192593;5136;5445;1293;2028;23;18;5656;46;5657;30;4972;5752;259;-334;2895;-2335;64;15956;0;0;0
27192641;5141;5448;1281;2020;27;10;5660;46;5665;23;4972;5752;259;-334;2895;-2335;64;15956;0;0;0
27192689;5116;5449;1288;2016;18;26;5656;50;5664;30;4965;5752;259;-334;2895;-2335;64;15956;0;0;0
27192737;5140;5456;1285;2021;18;15;5656;43;5665;23;4969;5752;259;-334;2895;-2335;64;15956;0;0;0
27192785;5152;5456;1288;2013;23;23;5660;46;5664;30;4968;5752;259;-334;2895;-2335;64;15956;0;0;0
27192833;5152;5452;1288;2028;18;23;5656;46;5665;27;4964;5752;259;-334;2895;-2335;64;15956;0;0;0
27192882;5140;5452;1288;2020;15;26;5656;39;5661;34;4965;5752;259;-334;2895;-2335;64;15956;0;0;0
27192929;5140;5452;1289;2025;18;18;5660;43;5664;27;4973;5752;259;-334;2895;-2335;64;15956;0;0;0
27192977;5136;5457;1289;2021;18;7;5653;35;5660;26;4968;5752;259;-334;2895;-2335;64;15956;0;0;0
27193025;5144;5453;1292;2020;18;23;5657;38;5665;34;4972;5752;259;-334;2895;-2335;64;15956;0;0;0
27193073;5152;5453;1292;2028;23;22;5660;50;5665;27;4969;5752;259;-334;2895;-2335;64;15956;0;0;0
27193121;5152;5456;1281;2020;15;22;5653;46;5668;30;4968;5752;259;-334;2895;-2335;64;15956;0;0;0
27193168;5152;5460;1281;2016;23;18;5656;42;5664;26;4968;5752;259;-334;2895;-2335;64;15956;0;0;0
27193217;5152;5453;1296;2024;27;15;5656;42;5665;30;4968;5752;259;-334;2895;-2335;64;15956;0;0;0
27193266;5152;5452;1285;2025;26;22;5653;46;5665;34;4969;5752;259;-334;2895;-2335;64;15956;0;0;0
27193313;5152;5456;1288;2033;14;22;5660;42;5665;23;4965;5752;259;-334;2895;-2335;64;15956;0;0;0
27193359;5152;5457;1293;2021;18;22;5657;39;5665;26;4961;5752;259;-334;2895;-2335;64;15956;0;0;0
27193409;5152;5456;1288;2028;18;11;5653;42;5665;30;4968;5752;259;-334;2895;-2335;64;15956;0;0;0
27193458;5137;5453;1289;2028;23;3;5657;51;5668;22;4964;5752;259;-334;2895;-2335;64;15956;0;0;0
27193507;5140;5449;1292;2020;18;23;5656;38;5665;27;4965;5752;259;-334;2895;-2335;64;15956;0;0;0
27193553;5152;5452;1289;2032;22;18;5656;46;5664;27;4965;5752;259;-334;2895;-2335;64;15956;0;0;0
27193600;5141;5452;1292;2012;30;11;5660;46;5664;19;4969;5752;259;-334;2895;-2335;64;15956;0;0;0
27193650;5145;5448;1289;2028;15;19;5653;42;5665;26;4969;5752;259;-334;2895;-2335;64;15956;0;0;0
27193697;5152;5449;1292;2024;15;35;5656;51;5668;30;4969;5752;259;-334;2895;-2335;64;15956;0;0;0
27193742;5144;5449;1289;2024;26;26;5657;47;5665;27;4969;5752;259;-334;2895;-2335;64;15956;0;0;0
27193791;5152;5453;1289;2032;18;22;5657;42;5669;26;4973;5752;259;-334;2895;-2335;64;15956;0;0;0
27193839;5152;5452;1285;2041;26;19;5657;46;5664;26;4968;5752;259;-334;2895;-2335;64;15956;0;0;0
27193890;5140;5456;1288;2061;18;26;5660;43;5664;23;4965;5752;259;-334;2895;-2335;64;15956;0;0;0
27193937;5152;5452;1285;2037;23;18;5660;46;5665;26;4968;5752;259;-334;2895;-2335;64;15956;0;0;0
27193984;5152;5453;1281;2033;15;14;5652;42;5665;27;4969;5752;259;-334;2895;-2335;64;15956;0;0;0
27194031;5137;5452;1296;2060;18;19;5656;46;5664;22;4972;5752;259;-334;2895;-2335;64;15956;0;0;0
27194080;5137;5452;1289;2028;23;19;5656;46;5665;34;4969;5752;259;-334;2895;-2335;64;15956;0;0;0
27194130;5140;5449;1293;2065;22;18;5656;46;5669;27;4969;5752;259;-334;2895;-2335;64;15956;0;0;0
27194179;5140;5453;1285;2069;27;14;5653;39;5669;22;4973;5752;259;-334;2895;-2335;64;15956;0;0;0
27194271;5152;5456;1289;2101;22;7;5660;47;5660;22;4969;5752;259;-334;2895;-2335;64;15956;0;0;0
27194319;5144;5453;1284;2080;30;19;5657;42;5664;23;4964;5752;259;-334;2895;-2335;64;15956;0;0;0
27194366;5136;5452;1288;2040;22;26;5656;46;5660;26;4972;5752;259;-334;2895;-2335;64;15956;0;0;0
27194414;5152;5453;1293;2045;27;19;5660;50;5665;27;4969;5752;259;-334;2895;-2335;64;15956;0;0;0
27194462;5152;5453;1288;2033;27;18;5657;43;5665;27;4965;5752;259;-334;2895;-2335;64;15956;0;0;0
27194511;5152;5456;1284;2029;26;18;5657;50;5665;30;4965;5752;259;-334;2895;-2335;64;15956;0;0;0
