time;thumb.bend;thumb.pressure;index.bend;index.pressure;middle.bend;middle.pressure;ring.bend;ring.pressure;little.bend;little.pressure;emg;imu
0;30;4837;5425;30;5672;39;5137;43;5725;573;1449;480;19;-232;1955;-708;-4206;15698;14;0;0
0.005000114;27;4837;5424;27;5665;43;5152;39;5725;577;1345;480;19;-232;1956;-709;-4207;15698;0;0;0
0.01000023;23;4840;5428;26;5668;43;5152;42;5724;568;1316;480;19;-232;1955;-709;-4207;15698;0;0;0
0.01500034;31;4844;5432;15;5672;46;5152;43;5725;577;1293;480;19;-232;1955;-709;-4207;15698;0;0;0
0.02000046;26;4837;5429;26;5668;46;5141;39;5725;577;1312;480;19;-232;1955;-709;-4207;15698;0;0;0
0.02500057;26;4836;5428;23;5672;46;5152;42;5728;565;1320;480;19;-232;1956;-709;-4207;15698;0;0;0
0.03000069;27;4837;5429;27;5665;43;5152;42;5725;572;1317;480;19;-232;1956;-709;-4207;15698;0;0;0
0.0350008;30;4837;5428;18;5668;43;5152;39;5721;561;1301;480;19;-232;1956;-709;-4207;15698;0;0;0
0.04000092;34;4841;5429;31;5672;46;5141;42;5728;573;1316;480;19;-232;1956;-709;-4207;15698;0;0;0
0.04500103;23;4837;5432;26;5672;39;5144;39;5729;577;1284;480;19;-232;1956;-709;-4207;15698;0;0;0
0.05000114;19;4840;5425;15;5664;43;5152;39;5721;569;1316;480;19;-232;1956;-709;-4207;15698;0;0;0
0.05500126;26;4833;5428;27;5665;50;5152;43;5728;576;1289;480;19;-232;1956;-709;-4207;15698;0;0;0
0.06000137;26;4840;5425;19;5669;47;5152;38;5729;573;1320;480;19;-232;1956;-709;-4207;15698;0;0;0
0.06500149;26;4840;5425;23;5672;43;5152;38;5729;573;1297;480;19;-232;1956;-709;-4207;15698;0;0;0
0.0700016;34;4844;5432;26;5665;43;5152;34;5725;573;1313;480;19;-232;1956;-709;-4207;15698;0;0;0
0.07500172;34;4837;5425;26;5673;46;5152;42;5725;572;1269;480;19;-232;1956;-709;-4207;15698;0;0;0
0.08000183;26;4841;5421;27;5669;46;5140;42;5728;569;1296;480;19;-232;1956;-709;-4207;15698;0;0;0
0.08500195;26;4836;5429;14;5669;50;5152;42;5721;576;1285;480;19;-232;1956;-709;-4207;15698;0;0;0
0.09000206;30;4837;5433;22;5669;50;5133;43;5724;573;1313;480;19;-232;1958;-709;-4206;15697;0;0;0
0.09500217;27;4840;5429;34;5669;42;5140;42;5724;569;1289;480;19;-232;1958;-710;-4207;15697;-16;0;0
0.1000023;10;4840;5432;23;5665;46;5152;38;5728;577;1297;479;19;-232;1955;-704;-4206;15698;0;0;0
0.1050024;27;4836;5429;26;5673;43;5141;42;5724;572;1261;480;19;-232;1958;-710;-4207;15697;0;0;0
0.1100025;26;4832;5429;22;5665;35;5152;39;5728;576;1297;480;19;-232;1957;-708;-4206;15697;0;0;0
0.1150026;26;4837;5432;26;5665;43;5140;35;5733;572;1296;480;19;-232;1956;-707;-4206;15698;0;0;0
0.1200027;27;4844;5428;19;5669;47;5152;47;5725;580;1312;480;19;-233;1959;-711;-4207;15697;0;0;0
0.1250029;31;4825;5425;19;5669;42;5152;38;5724;569;1296;480;19;-232;1956;-706;-4207;15698;0;0;0
0.130003;30;4844;5429;23;5669;42;5152;42;5728;577;1293;480;19;-232;1959;-711;-4207;15697;0;0;0
0.1350031;19;4840;5425;14;5665;46;5152;35;5725;572;1284;480;19;-232;1956;-709;-4207;15697;0;0;0
0.1400032;30;4841;5428;23;5672;43;5145;42;5725;577;1305;480;19;-232;1958;-708;-4207;15697;0;0;0
0.1450033;34;4832;5429;30;5669;42;5140;38;5725;581;1292;480;19;-232;1958;-709;-4207;15697;0;0;0
0.1500034;15;4837;5428;22;5672;38;5137;43;5725;572;1304;480;19;-232;1957;-707;-4207;15697;0;0;0
0.1550035;27;4840;5429;23;5665;42;5140;43;5728;576;1285;480;19;-232;1957;-707;-4207;15697;0;0;0
0.1600037;23;4841;5432;27;5669;50;5152;38;5725;577;1301;480;19;-232;1958;-707;-4207;15697;0;0;0
0.1650038;30;4840;5428;18;5672;43;5152;39;5724;568;1296;480;19;-232;1957;-707;-4207;15697;0;0;0
0.1700039;23;4841;5429;19;5668;46;5152;42;5732;569;1305;480;19;-232;1955;-706;-4207;15698;0;0;0
0.175004;30;4840;5428;15;5668;43;5152;42;5728;572;1296;480;19;-232;1957;-708;-4207;15697;0;0;0
0.1800041;23;4840;5425;26;5668;39;5144;35;5724;572;1297;480;19;-232;1955;-705;-4207;15698;0;0;0
0.1850042;18;4844;5432;31;5665;39;5152;38;5725;576;1288;480;19;-232;1955;-705;-4207;15698;0;0;0
0.1900043;26;4841;5429;31;5668;43;5144;39;5729;576;1300;480;19;-232;1955;-705;-4207;15698;0;0;0
0.1950045;23;4832;5428;26;5668;46;5141;39;5728;565;1277;480;19;-232;1955;-705;-4207;15698;0;0;0
0.2000046;30;4840;5429;19;5664;42;5140;42;5725;576;1293;480;19;-232;1955;-705;-4207;15698;0;0;0
0.2050047;30;4844;5424;22;5668;46;5152;42;5733;572;1292;480;19;-232;1955;-705;-4207;15698;0;0;0
0.2100048;19;4836;5421;27;5668;38;5152;38;5725;577;1356;480;19;-232;1955;-705;-4207;15698;0;0;0
0.2150049;22;4840;5425;19;5668;39;5137;39;5725;565;1301;480;19;-232;1955;-705;-4207;15698;0;0;0
0.220005;23;4840;5429;26;5673;43;5144;46;5724;573;1273;480;19;-232;1955;-705;-4207;15698;0;0;0
0.2250051;30;4836;5432;27;5668;50;5140;43;5725;568;1284;480;19;-232;1955;-705;-4207;15698;0;0;0
0.2300053;26;4840;5425;23;5664;39;5152;50;5728;572;1300;480;19;-232;1955;-705;-4207;15698;0;0;0
0.2350054;31;4837;5429;26;5668;42;5140;42;5721;572;1288;480;19;-232;1955;-705;-4207;15698;0;0;0
0.2400055;26;4837;5432;22;5669;39;5144;39;5725;576;1288;480;19;-232;1955;-705;-4207;15698;0;0;0
0.2450056;34;4837;5428;26;5665;46;5152;31;5729;572;1305;480;19;-232;1955;-705;-4207;15698;0;0;0
0.2500057;19;4837;5424;19;5665;39;5137;43;5724;573;1292;480;19;-232;1955;-705;-4207;15698;0;0;0
0.2550058;31;4836;5425;22;5673;46;5152;43;5728;576;1281;480;19;-232;1955;-705;-4207;15698;0;0;0
0.260006;30;4840;5424;27;5669;42;5152;43;5729;580;1308;480;19;-232;1955;-705;-4207;15698;0;0;0
0.2650061;27;4836;5428;30;5665;39;5152;38;5725;569;1280;480;19;-232;1955;-705;-4207;15698;0;0;0
0.2700062;30;4840;5425;19;5672;42;5137;39;5720;565;1300;480;19;-232;1955;-705;-4207;15698;0;0;0
0.2750063;26;4836;5424;30;5672;39;5141;35;5732;573;1297;480;19;-232;1955;-705;-4207;15698;0;0;0
0.2800064;23;4837;5428;22;5664;42;5152;35;5728;576;1304;480;19;-232;1955;-705;-4207;15698;0;0;0
0.2850065;30;4840;5429;27;5669;39;5152;43;5729;573;1289;480;19;-232;1955;-705;-4207;15698;0;0;0
0.2900066;30;4836;5425;23;5669;50;5141;42;5728;569;1280;480;19;-232;1955;-705;-4207;15698;0;0;0
0.2950068;35;4840;5425;22;5665;42;5152;34;5724;576;1289;480;19;-232;1955;-705;-4207;15698;0;0;0
0.3000069;26;4837;5429;26;5672;43;5152;38;5724;577;1297;480;19;-232;1955;-705;-4207;15698;0;0;0
0.305007;27;4848;5433;19;5672;50;5152;34;5725;572;1305;480;19;-232;1955;-705;-4207;15698;0;0;0
0.3100071;27;4836;5429;26;5665;42;5144;39;5724;569;1289;480;19;-232;1955;-705;-4207;15698;0;0;0
0.3150072;22;4836;5429;22;5672;42;5152;39;5725;572;1293;480;19;-232;1955;-705;-4207;15698;0;0;0
0.3200073;27;4836;5429;26;5676;54;5152;43;5721;568;1293;480;19;-232;1955;-705;-4207;15698;0;0;0
0.3250074;38;4837;5429;26;5669;42;5152;42;5725;572;1300;480;19;-232;1955;-705;-4207;15698;0;0;0
0.3300076;26;4837;5432;22;5668;39;5140;39;5721;573;1281;480;19;-232;1955;-705;-4207;15698;0;0;0
0.3350077;18;4840;5429;19;5665;50;5152;39;5725;569;1309;480;19;-232;1955;-705;-4207;15698;0;0;0
0.3400078;27;4836;5421;14;5668;46;5137;42;5728;577;1276;480;19;-232;1955;-705;-4207;15698;0;0;0
0.3450079;31;4836;5432;22;5664;38;5152;42;5717;565;1293;480;19;-232;1955;-705;-4207;15698;0;0;0
0.350008;30;4844;5421;26;5673;50;5137;35;5724;568;1292;480;19;-232;1955;-705;-4207;15698;0;0;0
0.3550081;23;4837;5429;18;5668;42;5152;35;5728;573;1301;480;19;-232;1955;-705;-4207;15698;0;0;0
0.3600082;15;4837;5428;22;5664;42;5152;42;5724;577;1293;480;19;-232;1955;-705;-4207;15698;0;0;0
0.3650084;26;4836;5432;22;5665;46;5152;42;5732;576;1296;480;19;-232;1955;-705;-4207;15698;0;0;0
0.3700085;26;4845;5429;26;5673;43;5152;35;5724;577;1285;480;19;-232;1955;-705;-4207;15698;0;0;0
0.3750086;27;4837;5429;14;5668;43;5141;39;5725;576;1304;480;19;-232;1955;-705;-4207;15698;0;0;0
0.3800087;18;4836;5425;15;5669;43;5144;42;5725;569;1301;480;19;-232;1955;-705;-4207;15698;0;0;0
0.3850088;23;4833;5433;19;5665;42;5152;42;5721;569;1273;480;19;-232;1955;-705;-4207;15698;0;0;0
0.3900089;22;4840;5429;22;5668;46;5152;43;5725;569;1304;480;19;-232;1955;-705;-4207;15698;0;0;0
0.395009;23;4837;5428;18;5669;46;5152;38;5721;573;1281;480;19;-232;1955;-705;-4207;15698;0;0;0
0.4000092;22;4840;5429;22;5665;34;5152;42;5725;576;1292;480;19;-232;1955;-705;-4207;15698;0;0;0
0.4050093;26;4841;5433;27;5669;50;5152;43;5732;572;1280;480;19;-232;1955;-705;-4207;15698;0;0;0
0.4100094;22;4833;5428;23;5665;42;5152;43;5724;569;1280;480;19;-232;1955;-705;-4207;15698;0;0;0
0.4150095;23;4837;5429;34;5665;46;5140;42;5728;569;1300;480;19;-232;1955;-705;-4207;15698;0;0;0
0.4200096;19;4837;5429;22;5668;42;5152;39;5732;576;1369;480;19;-232;1955;-705;-4207;15698;0;0;0
0.4250097;27;4840;5428;27;5673;50;5152;39;5725;569;1300;480;19;-232;1955;-705;-4207;15698;0;0;0
0.4300098;23;4840;5432;31;5673;43;5140;42;5728;573;1300;480;19;-232;1955;-705;-4207;15698;0;0;0
0.43501;27;4840;5429;23;5668;46;5152;38;5729;572;1292;480;19;-232;1955;-705;-4207;15698;0;0;0
0.4400101;22;4840;5429;31;5668;42;5144;43;5728;572;1281;480;19;-232;1955;-705;-4207;15698;0;0;0
0.4450102;23;4841;5429;18;5665;43;5152;43;5729;564;1281;480;19;-232;1955;-705;-4207;15698;0;0;0
0.4500103;30;4837;5425;23;5665;38;5152;46;5724;569;1289;480;19;-232;1955;-705;-4207;15698;0;0;0
0.4550104;23;4836;5428;30;5668;50;5141;39;5728;576;1288;480;19;-232;1955;-705;-4207;15698;0;0;0
0.4600105;23;4837;5425;23;5665;42;5152;39;5728;573;1297;480;19;-232;1955;-705;-4207;15698;0;0;0
0.4650106;27;4836;5428;30;5665;39;5140;42;5724;577;1304;480;19;-232;1955;-705;-4207;15698;0;0;0
0.4700108;22;4840;5432;34;5672;50;5137;46;5724;572;1281;480;19;-232;1955;-705;-4207;15698;0;0;0
0.4750109;27;4841;5428;26;5672;47;5152;35;5728;573;1316;480;19;-232;1955;-705;-4207;15698;0;0;0
0.480011;26;4841;5425;23;5669;54;5152;42;5728;576;1293;480;19;-232;1955;-705;-4207;15698;0;0;0
0.4850111;22;4840;5429;26;5672;43;5152;35;5728;577;1289;480;19;-232;1955;-705;-4207;15698;0;0;0
0.4900112;22;4833;5436;22;5669;50;5140;42;5725;568;1277;480;19;-232;1955;-705;-4207;15698;0;0;0
0.4950113;22;4841;5428;26;5665;42;5152;39;5728;577;1284;480;19;-232;1955;-705;-4207;15698;0;0;0
0.5000114;26;4848;5429;23;5664;43;5152;39;5728;572;1288;480;19;-232;1955;-705;-4207;15698;0;0;0
0.5050116;27;4837;5428;34;5673;39;5152;46;5728;576;1297;480;19;-232;1955;-705;-4207;15698;0;0;0
0.5100117;27;4840;5436;23;5668;39;5152;39;5725;573;1301;480;19;-232;1955;-705;-4207;15698;0;0;0
0.5150118;30;4840;5429;27;5665;39;5152;42;5725;576;1285;480;19;-232;1955;-705;-4207;15698;0;0;0
0.5200119;27;4837;5428;27;5665;47;5152;38;5729;577;1304;480;19;-232;1955;-705;-4207;15698;0;0;0
0.525012;26;4837;5428;19;5668;46;5140;34;5725;576;1288;480;19;-232;1955;-705;-4207;15698;0;0;0
0.5300121;23;4829;5429;39;5673;42;5152;42;5728;565;1293;480;19;-232;1955;-705;-4207;15698;0;0;0
0.5350122;30;4837;5428;26;5668;39;5141;42;5728;577;1317;480;19;-232;1955;-705;-4207;15698;0;0;0
0.5400124;19;4837;5432;22;5668;38;5152;42;5725;569;1305;480;19;-232;1955;-705;-4207;15698;0;0;0
0.5450125;26;4841;5425;18;5672;43;5152;39;5728;573;1288;480;19;-232;1955;-705;-4207;15698;0;0;0
0.5500126;27;4840;5425;26;5669;43;5140;46;5725;568;1300;480;19;-232;1955;-705;-4207;15698;0;0;0
0.5550127;23;4837;5429;22;5665;50;5140;43;5729;573;1316;480;19;-232;1955;-705;-4207;15698;0;0;0
0.5600128;18;4836;5432;27;5672;50;5152;50;5725;573;1308;480;19;-232;1955;-705;-4207;15698;0;0;0
0.5650129;30;4841;5429;26;5677;50;5152;38;5725;576;1296;480;19;-232;1955;-705;-4207;15698;0;0;0
0.570013;30;4844;5432;27;5672;47;5152;43;5724;572;1316;480;19;-232;1955;-705;-4207;15698;0;0;0
0.5750132;27;4840;5428;18;5664;43;5152;39;5721;572;1317;480;19;-232;1955;-705;-4207;15698;0;0;0
0.5800133;18;4840;5432;10;5665;50;5152;38;5728;573;1308;480;19;-232;1955;-705;-4207;15698;0;0;0
0.5850134;19;4837;5428;19;5665;50;5152;39;5729;576;1288;480;19;-232;1955;-705;-4207;15698;0;0;0
0.5900135;23;4833;5432;22;5669;46;5152;42;5724;572;1309;480;19;-232;1955;-705;-4207;15698;0;0;0
0.5950136;19;4837;5425;23;5668;43;5152;39;5721;572;1308;480;19;-232;1955;-705;-4207;15698;0;0;0
0.6000137;27;4837;5432;26;5668;39;5152;39;5729;580;1304;480;19;-232;1955;-705;-4207;15698;0;0;0
0.6050138;15;4840;5428;23;5664;43;5152;38;5725;576;1308;480;19;-232;1955;-705;-4207;15698;0;0;0
0.610014;26;4832;5428;19;5669;50;5152;42;5729;576;1320;480;19;-232;1955;-705;-4207;15698;0;0;0
0.6150141;19;4837;5429;26;5673;39;5152;39;5721;576;1317;480;19;-232;1955;-705;-4207;15698;0;0;0
0.6200142;23;4837;5424;23;5672;43;5152;42;5729;565;1293;480;19;-232;1955;-705;-4207;15698;0;0;0
0.6250143;26;4837;5429;2;5664;50;5152;35;5728;572;1312;480;19;-232;1955;-705;-4207;15698;0;0;0
0.6300144;27;4848;5429;19;5672;43;5152;38;5729;572;1309;480;19;-232;1955;-705;-4207;15698;0;0;0
0.6350145;26;4840;5432;19;5665;46;5152;43;5724;568;1424;480;19;-232;1955;-705;-4207;15698;0;0;0
0.6400146;23;4837;5432;30;5668;46;5152;42;5728;576;1329;480;19;-232;1955;-705;-4207;15698;0;0;0
0.6450148;22;4837;5429;26;5668;46;5152;42;5728;572;1293;480;19;-232;1955;-705;-4207;15698;0;0;0
0.6500149;31;4840;5425;22;5669;43;5137;38;5725;572;1313;480;19;-232;1955;-705;-4207;15698;0;0;0
0.655015;30;4836;5425;22;5668;43;5152;43;5725;564;1313;480;19;-232;1955;-705;-4207;15698;0;0;0
0.6600151;23;4841;5429;18;5668;43;5152;38;5724;572;1308;480;19;-232;1955;-705;-4207;15698;0;0;0
0.6650152;23;4840;5432;30;5672;43;5152;43;5728;577;1308;480;19;-232;1955;-705;-4207;15698;0;0;0
0.6700153;27;4845;5432;22;5669;47;5152;43;5725;572;1309;480;19;-232;1955;-705;-4207;15698;0;0;0
0.6750154;27;4840;5428;22;5672;42;5152;38;5725;576;1312;480;19;-232;1955;-705;-4207;15698;0;0;0
0.6800156;30;4848;5428;34;5669;42;5152;43;5729;576;1296;480;19;-232;1955;-705;-4207;15698;0;0;0
0.6850157;30;4840;5432;26;5668;43;5137;39;5729;573;1285;480;19;-232;1955;-705;-4207;15698;0;0;0
0.6900158;18;4844;5436;23;5669;43;5152;46;5732;569;1297;480;19;-232;1955;-705;-4207;15698;0;0;0
0.6950159;27;4844;5421;19;5669;38;5152;35;5728;569;1309;480;19;-232;1955;-705;-4207;15698;0;0;0
0.700016;22;4837;5428;15;5665;39;5152;39;5725;572;1296;480;19;-232;1955;-705;-4207;15698;0;0;0
0.7050161;27;4837;5424;23;5665;39;5144;35;5725;569;1292;480;19;-232;1955;-705;-4207;15698;0;0;0
0.7100163;26;4840;5433;19;5668;46;5152;43;5725;580;1289;480;19;-232;1955;-705;-4207;15698;0;0;0
0.7150164;23;4836;5425;26;5668;46;5152;38;5724;573;1289;480;19;-232;1955;-705;-4207;15698;0;0;0
0.7200165;35;4848;5425;19;5669;54;5152;38;5725;565;1284;480;19;-232;1955;-705;-4207;15698;0;0;0
0.7250166;23;4840;5429;26;5664;46;5152;39;5721;576;1289;480;19;-232;1955;-705;-4207;15698;0;0;0
0.7300167;23;4833;5421;19;5669;51;5137;43;5728;585;1289;480;19;-232;1955;-705;-4207;15698;0;0;0
0.7350168;30;4841;5433;26;5668;43;5152;34;5729;573;1304;480;19;-232;1955;-705;-4207;15698;0;0;0
0.7400169;26;4836;5424;19;5669;50;5141;42;5728;572;1288;480;19;-232;1955;-705;-4207;15698;0;0;0
0.7450171;30;4840;5425;27;5672;46;5152;42;5728;569;1292;480;19;-232;1955;-705;-4207;15698;0;0;0
0.7500172;19;4841;5432;23;5668;39;5152;42;5725;569;1296;480;19;-232;1955;-705;-4207;15698;0;0;0
0.7550173;31;4840;5425;26;5668;43;5137;38;5729;576;1305;480;19;-232;1955;-705;-4207;15698;0;0;0
0.7600174;27;4836;5425;22;5665;38;5140;42;5721;564;1293;480;19;-232;1955;-705;-4207;15698;0;0;0
0.7650175;22;4840;5433;23;5665;43;5152;38;5729;585;1285;480;19;-232;1955;-705;-4207;15698;0;0;0
0.7700176;23;4840;5429;26;5665;50;5152;35;5725;572;1313;480;19;-232;1955;-705;-4207;15698;0;0;0
0.7750177;30;4840;5425;22;5664;38;5141;39;5732;580;1317;480;19;-232;1955;-705;-4207;15698;0;0;0
0.7800179;27;4837;5432;11;5668;47;5152;42;5728;560;1304;480;19;-232;1955;-705;-4207;15698;0;0;0
0.785018;27;4836;5424;26;5668;39;5141;42;5725;572;1312;480;19;-232;1955;-705;-4207;15698;0;0;0
0.7900181;34;4833;5425;23;5664;43;5141;46;5728;569;1300;480;19;-232;1955;-705;-4207;15698;0;0;0
0.7950182;26;4837;5432;18;5665;42;5140;46;5724;569;1301;480;19;-232;1955;-705;-4207;15698;0;0;0
0.8000183;26;4840;5432;27;5672;43;5137;39;5721;573;1281;480;19;-232;1955;-705;-4207;15698;0;0;0
0.8050184;38;4837;5432;22;5669;43;5141;42;5725;569;1281;480;19;-232;1955;-705;-4207;15698;0;0;0
0.8100185;22;4841;5432;31;5668;46;5152;35;5721;568;1301;480;19;-232;1955;-705;-4207;15698;0;0;0
0.8150187;30;4840;5425;18;5665;42;5141;39;5729;573;1317;480;19;-232;1955;-705;-4207;15698;0;0;0
0.8200188;22;4833;5429;23;5668;43;5137;39;5728;576;1296;480;19;-232;1955;-705;-4207;15698;0;0;0
0.8250189;27;4837;5425;18;5668;39;5140;38;5729;565;1316;480;19;-232;1955;-705;-4207;15698;0;0;0
0.830019;31;4832;5425;26;5665;46;5152;46;5724;573;1300;480;19;-232;1955;-705;-4207;15698;0;0;0
0.8350191;27;4841;5432;22;5672;42;5140;42;5725;568;1300;480;19;-232;1955;-705;-4207;15698;0;0;0
0.8400192;34;4836;5429;27;5669;50;5152;39;5729;569;1281;480;19;-232;1955;-705;-4207;15698;0;0;0
0.8450193;22;4833;5428;23;5669;43;5145;42;5725;569;1288;480;19;-232;1955;-705;-4207;15698;0;0;0
0.8500195;35;4833;5432;22;5665;50;5152;42;5725;573;1377;480;19;-232;1955;-705;-4207;15698;0;0;0
0.8550196;19;4837;5429;27;5665;38;5152;39;5728;577;1317;480;19;-232;1955;-705;-4207;15698;0;0;0
0.8600197;34;4837;5429;22;5669;50;5141;35;5725;569;1301;480;19;-232;1955;-705;-4207;15698;0;0;0
0.8650198;26;4841;5432;27;5669;42;5152;42;5721;576;1293;480;19;-232;1955;-705;-4207;15698;0;0;0
0.8700199;23;4845;5432;22;5665;47;5152;43;5729;572;1289;480;19;-232;1955;-705;-4207;15698;0;0;0
0.87502;23;4840;5428;35;5665;35;5141;38;5728;569;1285;480;19;-232;1955;-705;-4207;15698;0;0;0
0.8800201;27;4837;5429;26;5665;50;5152;42;5728;569;1293;480;19;-232;1955;-705;-4207;15698;0;0;0
0.8850203;22;4844;5429;27;5669;46;5152;38;5729;572;1276;480;19;-232;1955;-705;-4207;15698;0;0;0
0.8900204;30;4840;5429;22;5661;39;5140;38;5725;573;1292;480;19;-232;1955;-705;-4207;15698;0;0;0
0.8950205;27;4836;5428;18;5665;43;5140;39;5732;565;1297;480;19;-232;1955;-705;-4207;15698;0;0;0
0.9000206;23;4837;5428;26;5672;43;5152;35;5725;573;1316;480;19;-232;1955;-705;-4207;15698;0;0;0
0.9050207;19;4836;5429;23;5669;42;5152;42;5728;577;1309;480;19;-232;1955;-705;-4207;15698;0;0;0
0.9100208;26;4837;5432;27;5665;46;5141;46;5721;573;1305;480;19;-232;1955;-705;-4207;15698;0;0;0
0.9150209;27;4840;5432;26;5668;43;5152;38;5728;565;1301;480;19;-232;1955;-705;-4207;15698;0;0;0
0.9200211;26;4844;5428;18;5668;50;5152;46;5724;572;1293;480;19;-232;1955;-705;-4207;15698;0;0;0
0.9250212;30;4837;5428;26;5669;42;5152;39;5728;565;1296;480;19;-232;1955;-705;-4207;15698;0;0;0
0.9300213;27;4840;5432;26;5668;43;5152;38;5728;573;1285;480;19;-232;1955;-705;-4207;15698;0;0;0
0.9350214;11;4837;5429;19;5668;47;5152;38;5725;568;1300;480;19;-232;1955;-705;-4207;15698;0;0;0
0.9400215;23;4840;5425;23;5672;39;5141;39;5728;565;1292;480;19;-232;1955;-705;-4207;15698;0;0;0
0.9450216;18;4837;5429;22;5668;39;5152;38;5729;572;1293;480;19;-232;1955;-705;-4207;15698;0;0;0
0.9500217;22;4836;5429;22;5668;43;5152;42;5725;568;1273;480;19;-232;1955;-705;-4207;15698;0;0;0
0.9550219;26;4840;5436;26;5672;42;5152;43;5732;569;1300;480;19;-232;1955;-705;-4207;15698;0;0;0
0.960022;27;4837;5429;23;5664;46;5141;38;5721;573;1289;480;19;-232;1955;-705;-4207;15698;0;0;0
0.9650221;26;4837;5432;14;5672;46;5152;42;5725;565;1301;480;19;-232;1955;-705;-4207;15698;0;0;0
0.9700222;27;4841;5425;23;5669;47;5140;38;5725;573;1292;480;19;-232;1955;-705;-4207;15698;0;0;0
0.9750223;27;4840;5429;19;5661;43;5152;38;5725;569;1317;480;19;-232;1955;-705;-4207;15698;0;0;0
0.9800224;30;4837;5429;30;5669;47;5152;38;5721;576;1293;480;19;-232;1955;-705;-4207;15698;0;0;0
0.9850225;22;4837;5428;18;5668;42;5152;39;5728;573;1313;480;19;-232;1955;-705;-4207;15698;0;0;0
0.9900227;27;4833;5429;14;5668;43;5140;35;5725;576;1285;480;19;-232;1955;-705;-4207;15698;0;0;0
0.9950228;26;4837;5425;22;5668;46;5152;42;5725;576;1293;480;19;-232;1955;-705;-4207;15698;0;0;0
1.000023;30;4844;5432;18;5669;46;5152;35;5728;568;1289;480;19;-232;1955;-705;-4207;15698;0;0;0
1.005023;27;4837;5428;19;5668;43;5152;42;5720;573;1304;480;19;-232;1955;-705;-4207;15698;0;0;0
1.010023;23;4837;5425;18;5668;39;5140;39;5728;569;1292;480;19;-232;1955;-705;-4207;15698;0;0;0
1.015023;26;4836;5429;23;5668;43;5140;38;5725;565;1288;480;19;-232;1955;-705;-4207;15698;0;0;0
1.020023;26;4841;5429;22;5665;39;5140;39;5725;577;1301;480;19;-232;1955;-705;-4207;15698;0;0;0
1.025023;27;4841;5432;18;5668;42;5141;42;5724;568;1301;480;19;-232;1955;-705;-4207;15698;0;0;0
1.030023;23;4832;5429;23;5669;50;5140;31;5725;573;1304;480;19;-232;1955;-705;-4207;15698;0;0;0
1.035023;26;4840;5432;10;5668;39;5152;39;5728;572;1301;480;19;-232;1955;-705;-4207;15698;0;0;0
1.040023;22;4837;5429;22;5668;39;5141;38;5725;569;1293;480;19;-232;1955;-705;-4207;15698;0;0;0
1.045023;26;4840;5429;27;5669;43;5152;35;5724;569;1296;480;19;-232;1955;-705;-4207;15698;0;0;0
1.050023;26;4841;5428;23;5669;43;5137;31;5728;577;1297;480;19;-232;1955;-705;-4207;15698;0;0;0
1.055023;22;4836;5432;11;5669;43;5152;38;5728;565;1304;480;19;-232;1955;-705;-4207;15698;0;0;0
1.060023;26;4833;5425;26;5664;43;5152;38;5729;573;1373;480;19;-232;1955;-705;-4207;15698;0;0;0
1.065023;38;4841;5421;22;5669;43;5140;46;5724;576;1309;480;19;-232;1955;-705;-4207;15698;0;0;0
1.070023;30;4840;5429;22;5668;43;5144;39;5724;577;1292;480;19;-232;1955;-705;-4207;15698;0;0;0
1.075023;38;4840;5429;23;5669;46;5152;42;5725;565;1292;480;19;-232;1954;-705;-4207;15698;0;0;0
1.080023;22;4833;5429;19;5669;43;5137;39;5728;573;1281;480;19;-232;1954;-705;-4207;15698;0;0;0
1.085023;18;4833;5425;23;5669;46;5152;46;5728;569;1277;480;19;-232;1954;-705;-4207;15698;0;0;0
1.090023;30;4837;5428;30;5669;43;5152;42;5724;576;1304;480;19;-232;1954;-705;-4207;15698;0;0;0
1.095023;34;4840;5429;26;5676;46;5137;31;5724;569;1289;480;19;-232;1954;-705;-4207;15698;0;0;0
1.100023;23;4844;5428;19;5672;46;5152;46;5721;576;1300;480;19;-232;1955;-705;-4207;15698;0;0;0
1.105023;27;4840;5429;22;5664;42;5152;38;5732;569;1292;480;19;-232;1955;-705;-4207;15698;0;0;0
1.110023;23;4833;5425;22;5668;39;5136;39;5732;572;1301;480;19;-232;1955;-705;-4207;15698;0;0;0
1.115023;26;4840;5421;10;5665;46;5140;43;5725;576;1285;480;19;-232;1955;-705;-4207;15698;0;0;0
1.120023;26;4840;5425;22;5668;46;5152;42;5725;569;1296;480;19;-232;1955;-705;-4207;15698;0;0;0
1.125023;22;4844;5428;26;5668;43;5140;38;5728;569;1288;480;19;-232;1955;-705;-4207;15698;0;0;0
1.130023;27;4840;5429;26;5668;42;5152;39;5724;573;1308;480;19;-232;1955;-705;-4207;15698;0;0;0
1.135023;26;4837;5432;26;5669;50;5141;35;5728;577;1289;480;19;-232;1955;-705;-4207;15698;0;0;0
1.140023;27;4841;5432;22;5669;42;5152;42;5724;569;1293;480;19;-232;1955;-705;-4207;15698;0;0;0
1.145023;22;4841;5428;30;5661;39;5140;39;5725;573;1281;480;19;-232;1955;-705;-4207;15698;0;0;0
1.150023;22;4836;5428;19;5672;50;5152;43;5728;576;1293;480;19;-232;1955;-705;-4207;15698;0;0;0
1.155023;30;4848;5429;22;5672;46;5152;43;5728;573;1300;480;19;-232;1955;-705;-4207;15698;0;0;0
1.160023;31;4836;5428;19;5668;47;5152;39;5720;576;1300;480;19;-232;1955;-705;-4207;15698;0;0;0
1.165023;27;4837;5436;15;5664;47;5136;42;5725;580;1293;480;19;-232;1955;-705;-4207;15698;0;0;0
1.170023;30;4840;5432;18;5665;38;5152;38;5728;572;1300;480;19;-232;1955;-705;-4207;15698;0;0;0
1.175023;22;4836;5428;26;5665;42;5152;39;5725;565;1301;480;19;-232;1955;-705;-4207;15698;0;0;0
1.180023;19;4837;5429;22;5673;39;5137;42;5725;572;1300;480;19;-232;1955;-705;-4207;15698;0;0;0
1.185023;27;4840;5428;19;5665;42;5152;42;5724;572;1284;480;19;-232;1955;-705;-4207;15698;0;0;0
1.190023;30;4840;5429;23;5665;35;5152;42;5729;580;1308;480;19;-232;1955;-705;-4207;15698;0;0;0
1.195023;22;4833;5428;23;5664;43;5152;42;5725;569;1308;480;19;-232;1955;-705;-4207;15698;0;0;0
1.200023;26;4840;5429;26;5669;38;5140;42;5728;580;1308;480;19;-232;1955;-705;-4207;15698;0;0;0
1.205023;30;4836;5428;18;5668;46;5140;38;5721;573;1300;480;19;-232;1955;-705;-4207;15698;0;0;0
1.210023;27;4837;5432;26;5669;46;5152;39;5725;576;1309;480;19;-232;1955;-705;-4207;15698;0;0;0
1.215023;35;4832;5432;34;5669;42;5141;50;5728;576;1313;480;19;-232;1955;-705;-4207;15698;0;0;0
1.220023;23;4836;5425;23;5665;47;5152;39;5724;569;1304;480;19;-232;1955;-705;-4207;15698;0;0;0
1.225023;27;4837;5429;23;5661;43;5144;35;5725;573;1296;480;19;-232;1955;-705;-4207;15698;0;0;0
1.230023;26;4837;5429;26;5672;42;5152;34;5728;569;1297;480;19;-232;1955;-705;-4207;15698;0;0;0
1.235023;38;4841;5432;30;5668;38;5152;39;5728;580;1289;480;19;-232;1955;-705;-4207;15698;0;0;0
1.240023;30;4841;5429;23;5665;46;5152;38;5725;577;1300;480;19;-232;1955;-705;-4207;15698;0;0;0
1.245023;15;4836;5428;15;5664;50;5152;39;5724;572;1293;480;19;-232;1955;-705;-4207;15698;0;0;0
1.250023;30;4841;5428;26;5668;50;5152;38;5729;572;1293;480;19;-232;1955;-705;-4207;15698;0;0;0
1.255023;26;4848;5428;27;5673;43;5152;35;5729;572;1292;480;19;-232;1955;-705;-4207;15698;0;0;0
1.260023;22;4837;5428;22;5672;42;5144;35;5728;569;1297;480;19;-232;1955;-705;-4207;15698;0;0;0
1.265023;19;4844;5429;22;5668;42;5140;34;5725;572;1301;480;19;-232;1955;-705;-4207;15698;0;0;0
1.270023;26;4844;5432;22;5668;43;5152;39;5725;573;1297;480;19;-232;1955;-705;-4207;15698;0;0;0
1.275023;23;4844;5428;19;5669;50;5152;42;5721;573;1376;480;19;-232;1955;-705;-4207;15698;0;0;0
1.280023;27;4840;5432;26;5672;43;5144;35;5729;576;1316;480;19;-232;1955;-705;-4207;15698;0;0;0
1.285022;22;4841;5432;23;5668;43;5141;38;5729;577;1312;480;19;-232;1955;-705;-4207;15698;0;0;0
1.290022;7;4840;5428;26;5669;43;5152;46;5728;576;1309;480;19;-232;1955;-705;-4207;15698;0;0;0
1.295022;19;4840;5428;15;5673;39;5152;43;5720;572;1329;480;19;-232;1955;-705;-4207;15698;0;0;0
1.300022;22;4840;5429;27;5668;42;5152;38;5724;576;1320;480;19;-232;1955;-705;-4207;15698;0;0;0
1.305022;31;4837;5429;26;5664;43;5140;35;5725;572;1296;480;19;-232;1955;-705;-4207;15698;0;0;0
1.310022;30;4837;5433;19;5669;46;5152;42;5729;580;1316;480;19;-232;1955;-705;-4207;15698;0;0;0
1.315022;22;4840;5429;23;5669;50;5152;35;5728;572;1293;480;19;-232;1955;-705;-4207;15698;0;0;0
1.320022;23;4844;5433;18;5669;43;5152;46;5725;569;1297;480;19;-232;1955;-705;-4207;15698;0;0;0
1.325022;22;4845;5428;22;5668;43;5141;39;5729;572;1305;480;19;-232;1955;-705;-4207;15698;0;0;0
1.330022;26;4841;5425;18;5676;46;5137;42;5733;576;1321;480;19;-232;1955;-705;-4207;15698;0;0;0
1.335022;34;4845;5428;26;5668;43;5137;54;5725;577;1304;480;19;-232;1955;-705;-4207;15698;0;0;0
1.340022;23;4841;5425;26;5669;39;5140;42;5724;569;1316;480;19;-232;1955;-705;-4207;15698;0;0;0
1.345022;27;4841;5428;18;5668;42;5152;39;5725;573;1301;480;19;-232;1955;-705;-4207;15698;0;0;0
1.350022;23;4840;5429;27;5668;38;5152;38;5725;576;1313;480;19;-232;1955;-705;-4207;15698;0;0;0
1.355022;27;4832;5425;23;5665;38;5152;42;5724;569;1316;480;19;-232;1955;-705;-4207;15698;0;0;0
1.360022;23;4840;5425;15;5669;42;5152;39;5724;580;1305;480;19;-232;1955;-705;-4207;15698;0;0;0
1.365022;23;4837;5429;30;5665;42;5144;38;5728;576;1293;480;19;-232;1955;-705;-4207;15698;0;0;0
1.370022;11;4841;5429;19;5665;46;5152;43;5724;577;1317;480;19;-232;1955;-705;-4207;15698;0;0;0
1.375022;22;4841;5429;23;5672;43;5137;39;5725;572;1296;480;19;-232;1955;-705;-4207;15698;0;0;0
1.380022;26;4844;5428;22;5660;38;5152;35;5720;568;1313;480;19;-232;1955;-705;-4207;15698;0;0;0
1.385022;23;4841;5424;19;5669;43;5152;43;5725;572;1281;480;19;-232;1955;-705;-4207;15698;0;0;0
1.390022;26;4840;5424;22;5668;46;5152;39;5728;576;1308;480;19;-232;1955;-705;-4207;15698;0;0;0
1.395022;19;4841;5424;22;5668;42;5152;43;5728;576;1316;480;19;-232;1955;-705;-4207;15698;0;0;0
1.400022;19;4840;5428;27;5668;42;5136;42;5729;569;1308;480;19;-232;1955;-705;-4207;15698;0;0;0
1.405022;27;4841;5429;23;5668;50;5152;42;5728;569;1293;480;19;-232;1955;-705;-4207;15698;0;0;0
1.410022;23;4841;5425;27;5664;51;5140;42;5724;569;1320;480;19;-232;1955;-705;-4207;15698;0;0;0
1.415022;11;4833;5428;26;5665;46;5144;39;5725;584;1308;480;19;-232;1955;-705;-4207;15698;0;0;0
1.420022;26;4844;5428;22;5668;50;5140;46;5728;576;1313;480;19;-232;1955;-705;-4207;15698;0;0;0
1.425022;26;4837;5428;19;5669;50;5140;46;5736;576;1321;480;19;-232;1955;-705;-4207;15698;0;0;0
1.430022;30;4841;5425;22;5661;43;5140;39;5724;569;1317;480;19;-232;1955;-705;-4207;15698;0;0;0
1.435022;22;4840;5428;23;5672;46;5152;42;5736;576;1313;480;19;-232;1955;-705;-4207;15698;0;0;0
1.440022;23;4837;5428;14;5669;43;5152;35;5728;576;1321;480;19;-232;1955;-705;-4207;15698;0;0;0
1.445022;27;4841;5425;34;5668;42;5152;38;5728;576;1324;480;19;-232;1955;-705;-4207;15698;38;0;0
1.450022;26;4837;5393;18;5668;46;5141;42;5720;577;1305;480;19;-232;1955;-709;-4210;15697;-67;0;0
1.455022;34;4832;5373;22;5665;50;5141;38;5724;580;1312;481;19;-228;1916;-701;-4219;15699;17;0;0
1.460022;23;4817;5341;23;5665;42;5152;38;5725;588;1301;483;21;-221;1853;-699;-4236;15703;89;-28;0
1.465022;18;4801;5332;26;5672;43;5152;42;5729;576;1312;484;26;-216;1803;-740;-4250;15703;-21;0;0
1.470022;23;4792;5321;22;5669;50;5152;50;5736;568;1297;486;29;-207;1715;-746;-4272;15706;0;-24;0
1.475022;30;4769;5320;18;5668;43;5156;42;5732;569;1285;487;33;-205;1685;-773;-4277;15707;0;-17;0
1.480022;26;4761;5313;23;5669;42;5152;42;5729;557;1305;487;36;-203;1663;-795;-4281;15707;10;13;0
1.485022;22;4716;5312;30;5676;47;5152;39;5737;553;1300;487;42;-199;1614;-834;-4282;15710;-32;-10;0
1.490022;19;4648;5324;26;5668;39;5152;42;5737;556;1373;484;60;-191;1508;-970;-4250;15721;31;0;0
1.495022;15;4636;5324;18;5668;39;5152;42;5736;553;1332;482;63;-194;1521;-999;-4233;15723;0;-39;0
1.500022;22;4633;5329;22;5660;43;5152;42;5737;557;1305;481;62;-195;1533;-993;-4227;15724;0;22;0
1.505022;27;4608;5333;26;5661;38;5152;42;5737;557;1312;479;60;-198;1569;-982;-4213;15725;0;10;0
1.510022;30;4593;5344;18;5664;39;5152;43;5737;557;1301;477;60;-201;1598;-985;-4195;15726;0;-26;0
1.515022;23;4589;5349;22;5673;43;5152;39;5741;552;1285;474;59;-206;1638;-992;-4165;15730;100;-50;0
1.520022;26;4577;5357;22;5668;42;5152;50;5740;525;1292;469;63;-209;1660;-1027;-4120;15737;56;-23;0
1.525022;42;4540;5361;18;5669;39;5152;39;5736;525;1289;459;71;-212;1675;-1096;-4035;15753;-45;0;0
1.530022;88;4524;5361;27;5668;50;5152;35;5733;529;1297;456;72;-215;1698;-1109;-4004;15757;13;117;0
1.535022;193;4505;5376;22;5668;38;5141;42;5732;525;1288;458;66;-225;1797;-1077;-4024;15743;49;18;0
1.540022;161;4500;5373;26;5668;35;5152;43;5733;532;1281;464;54;-231;1874;-989;-4075;15727;0;-49;0
1.545022;264;4517;5372;18;5669;42;5152;42;5736;536;1309;473;29;-229;1910;-780;-4153;15714;19;0;0
1.550022;300;4533;5377;22;5664;43;5152;42;5736;537;1313;478;16;-230;1947;-673;-4190;15705;-18;0;0
1.555022;361;4545;5377;22;5668;38;5152;38;5733;548;1368;483;-1;-231;1998;-528;-4239;15691;32;-47;0
1.560022;377;4541;5376;19;5668;47;5152;38;5737;548;1316;486;-13;-230;2014;-423;-4262;15686;65;-11;0
1.565022;385;4552;5376;26;5669;42;5152;43;5732;537;1280;489;-24;-230;2038;-327;-4286;15678;-22;0;0
1.570022;401;4553;5376;27;5664;42;5152;42;5737;517;1288;491;-29;-231;2064;-289;-4302;15671;12;31;0
1.575022;421;4556;5373;22;5664;42;5152;42;5736;520;1308;496;-43;-231;2091;-177;-4344;15658;-10;25;0
1.580022;425;4560;5377;22;5669;35;5152;38;5737;520;1280;501;-57;-229;2108;-54;-4393;15643;23;0;0
1.585022;437;4572;5373;27;5668;43;5152;39;5740;504;1296;513;-78;-226;2127;125;-4494;15611;-42;-20;0
1.590022;408;4576;5369;22;5661;50;5152;39;5737;513;1284;522;-89;-223;2133;214;-4563;15589;54;46;0
1.595022;421;4593;5369;30;5661;38;5152;35;5740;517;1285;533;-101;-220;2137;311;-4661;15558;-28;-52;0
1.600022;405;4588;5369;23;5668;42;5152;43;5736;520;1289;540;-109;-217;2135;386;-4715;15540;0;55;0
1.605022;420;4604;5372;15;5668;43;5152;34;5740;521;1304;548;-126;-209;2105;543;-4783;15519;24;22;0
1.610022;416;4616;5368;19;5665;50;5152;38;5744;516;1288;554;-132;-199;2042;613;-4841;15507;11;-39;0
1.615022;433;4645;5372;22;5676;39;5152;34;5741;525;1320;560;-147;-188;1989;764;-4889;15492;54;0;0
1.620022;413;4656;5372;22;5673;50;5152;39;5741;524;1297;561;-158;-179;1936;880;-4899;15489;-45;0;0
1.625022;433;4641;5368;27;5676;43;5152;38;5748;512;1292;562;-172;-166;1865;1031;-4907;15486;-48;0;0
1.630022;444;4640;5368;30;5673;42;5152;39;5748;521;1288;564;-180;-162;1849;1108;-4924;15477;58;16;0
1.635022;436;4632;5361;23;5677;42;5152;34;5748;524;1285;569;-196;-150;1798;1272;-4962;15458;30;-16;0
1.640022;396;4617;5361;23;5676;42;5153;42;5741;532;1288;570;-208;-139;1736;1397;-4968;15453;0;0;0
1.645022;401;4596;5357;19;5673;42;5153;35;5741;533;1289;570;-219;-128;1668;1526;-4970;15447;-52;-98;0
1.650022;392;4592;5357;35;5677;43;5156;35;5741;540;1289;571;-225;-123;1645;1584;-4976;15442;-22;0;0
1.655022;384;4537;5361;31;5685;42;5157;39;5741;517;1313;576;-238;-118;1638;1706;-5011;15418;31;30;0
1.660022;288;4509;5357;23;5680;46;5156;42;5740;517;1289;581;-247;-115;1644;1788;-5053;15395;0;-33;0
1.665022;280;4528;5360;26;5680;50;5156;39;5744;537;1292;587;-264;-108;1636;1943;-5098;15362;0;-11;0
1.670022;269;4516;5356;27;5677;39;5152;39;5740;541;1285;589;-269;-105;1623;1991;-5112;15353;-15;-93;0
1.675022;253;4505;5352;27;5680;46;5153;34;5737;541;1304;591;-280;-105;1653;2087;-5122;15334;49;30;0
1.680022;232;4520;5348;23;5677;43;5152;42;5741;520;1280;594;-284;-105;1671;2115;-5146;15319;0;-26;0
1.685022;224;4528;5349;23;5676;46;5152;38;5740;529;1293;597;-291;-106;1702;2165;-5169;15301;0;-15;0
1.690022;245;4528;5353;23;5681;46;5153;46;5744;532;1297;598;-293;-107;1716;2184;-5179;15294;0;0;0
1.695022;225;4525;5356;19;5681;43;5156;46;5741;533;1300;600;-294;-108;1724;2189;-5193;15287;0;-25;0
1.700022;200;4545;5345;26;5684;42;5160;39;5744;541;1376;599;-289;-107;1706;2144;-5189;15297;0;0;0
1.705022;221;4560;5349;22;5677;43;5156;42;5745;545;1328;600;-288;-108;1708;2138;-5197;15295;0;0;0
1.710022;197;4576;5349;22;5673;46;5156;50;5745;548;1308;601;-288;-108;1712;2133;-5206;15292;0;0;0
1.715022;177;4581;5348;23;5684;42;5153;38;5748;553;1293;603;-288;-109;1724;2130;-5224;15285;0;0;0
1.720022;192;4584;5356;22;5681;39;5156;38;5744;541;1281;605;-288;-110;1734;2122;-5240;15280;0;-18;0
1.725022;196;4597;5345;18;5681;39;5153;39;5745;540;1288;606;-288;-111;1748;2122;-5253;15274;0;-10;0
1.730022;201;4597;5352;18;5676;43;5152;38;5748;545;1281;607;-288;-112;1752;2115;-5256;15273;-13;-16;0
1.735022;181;4604;5353;23;5680;42;5153;46;5748;553;1281;607;-286;-113;1756;2100;-5253;15276;-24;-27;0
1.740022;125;4613;5352;26;5677;42;5152;42;5748;548;1301;605;-280;-118;1774;2038;-5240;15286;-30;0;0
1.745022;88;4616;5349;19;5673;43;5153;39;5741;548;1300;605;-275;-122;1796;1984;-5244;15290;10;-23;0
1.750022;26;4612;5352;26;5677;46;5156;39;5744;553;1297;606;-268;-129;1836;1902;-5252;15293;0;-22;0
1.755022;22;4624;5356;19;5680;43;5157;46;5741;556;1296;604;-264;-131;1845;1863;-5239;15301;-25;0;0
1.760022;34;4628;5352;22;5677;46;5156;43;5737;552;1297;603;-255;-137;1863;1776;-5227;15313;0;0;0
1.765022;23;4636;5352;19;5676;39;5152;38;5745;553;1280;602;-248;-142;1888;1705;-5225;15319;0;-18;0
1.770022;23;4641;5352;19;5680;42;5153;42;5749;561;1301;603;-234;-153;1945;1549;-5233;15325;-45;14;0
1.775022;34;4657;5349;22;5677;43;5152;43;5740;549;1297;602;-220;-163;1986;1411;-5230;15335;0;-42;0
1.780022;23;4661;5357;23;5669;65;5152;42;5740;557;1312;598;-198;-175;2026;1196;-5201;15358;19;0;0
1.785022;38;4669;5352;22;5676;50;5156;43;5737;561;1288;593;-183;-183;2051;1050;-5164;15377;59;22;0
1.790022;22;4689;5356;22;5676;43;5157;39;5744;548;1308;588;-165;-189;2059;802;-5096;15414;0;-39;0
1.795022;30;4696;5361;31;5668;46;5157;38;5744;536;1313;578;-138;-200;2072;632;-5041;15438;-49;-46;0
1.800022;26;4724;5368;26;5673;34;5156;46;5744;541;1324;567;-97;-219;2120;243;-4951;15472;-63;0;0
1.805022;34;4744;5368;23;5673;42;5156;39;5740;549;1304;558;-63;-235;2168;-84;-4867;15493;26;62;0
1.810022;34;4760;5368;27;5672;43;5152;39;5744;549;1312;546;-30;-249;2203;-494;-4718;15527;52;97;0
1.815022;26;4768;5353;30;5673;39;5156;39;5740;537;1305;531;-2;-255;2191;-629;-4639;15547;63;0;0
1.820022;26;4773;5345;19;5673;42;5153;39;5744;553;1321;522;9;-250;2118;-711;-4566;15575;25;0;0
1.825022;22;4781;5340;22;5672;50;5152;39;5740;545;1297;518;19;-245;2048;-774;-4533;15592;123;72;0
1.830022;22;4769;5356;19;5680;43;5152;38;5732;533;1313;507;30;-238;1970;-850;-4441;15624;-82;130;0
1.835022;22;4764;5360;22;5681;46;5152;38;5732;529;1308;496;36;-222;1824;-849;-4347;15668;84;0;0
1.840022;19;4765;5361;30;5673;39;5152;42;5725;533;1301;480;54;-216;1735;-974;-4211;15708;0;0;0
1.845022;30;4765;5364;27;5680;43;5152;39;5729;524;1308;472;67;-224;1776;-1094;-4145;15713;-24;21;0
1.850022;18;4761;5361;26;5677;46;5153;38;5728;525;1305;465;80;-228;1780;-1206;-4083;15721;51;79;0
1.855022;31;4764;5372;23;5676;39;5152;35;5732;528;1308;463;83;-224;1744;-1228;-4064;15728;0;34;0
1.860022;27;4764;5369;26;5677;43;5152;46;5725;529;1313;463;82;-225;1756;-1219;-4065;15727;0;0;0
1.865022;23;4769;5372;34;5681;43;5152;34;5733;536;1293;464;80;-227;1776;-1208;-4068;15725;-21;0;0
1.870022;27;4765;5377;18;5677;39;5152;39;5725;541;1308;464;80;-227;1780;-1209;-4065;15725;-11;-15;0
1.875022;26;4772;5380;22;5677;43;5152;43;5729;544;1293;462;83;-228;1783;-1236;-4052;15726;-23;-20;0
1.880022;23;4769;5384;27;5673;42;5152;35;5729;525;1316;460;87;-229;1773;-1278;-4033;15729;17;0;0
1.885022;34;4769;5384;26;5673;46;5152;31;5732;528;1296;459;89;-229;1772;-1287;-4024;15731;-40;62;0
1.890022;23;4769;5381;26;5676;47;5152;42;5729;529;1312;459;89;-228;1769;-1282;-4028;15730;0;-23;0
1.895022;23;4769;5388;26;5692;46;5152;39;5736;529;1297;459;88;-229;1782;-1278;-4024;15730;-67;174;0
1.900022;30;4772;5389;18;5680;50;5152;35;5728;532;1297;460;88;-229;1776;-1277;-4034;15728;0;30;0
1.905022;23;4765;5389;18;5673;46;5152;39;5732;533;1377;460;88;-228;1771;-1274;-4034;15729;-14;-15;0
1.910022;23;4772;5389;30;5677;43;5152;34;5732;541;1321;460;88;-229;1774;-1276;-4033;15729;0;13;0
1.915022;26;4773;5396;22;5684;43;5152;43;5733;533;1293;460;88;-229;1775;-1279;-4032;15729;0;-11;0
1.920022;26;4772;5392;18;5681;43;5152;35;5729;537;1293;460;88;-228;1770;-1280;-4033;15729;-10;0;0
1.925022;15;4768;5392;26;5680;39;5152;38;5732;536;1304;460;88;-228;1763;-1276;-4033;15730;0;0;0
1.930022;30;4769;5385;34;5684;46;5152;42;5736;540;1280;460;88;-228;1766;-1278;-4033;15730;0;0;0
1.935022;26;4773;5389;34;5677;38;5152;39;5732;540;1308;460;89;-228;1763;-1282;-4032;15730;0;0;0
1.940022;19;4764;5385;27;5677;39;5152;42;5729;541;1277;459;90;-226;1748;-1293;-4031;15731;-33;-19;0
1.945022;30;4741;5384;19;5680;50;5152;42;5729;540;1300;458;101;-227;1733;-1387;-4020;15727;0;-21;0
1.950022;26;4709;5381;26;5684;42;5152;35;5733;540;1301;455;108;-228;1728;-1473;-3976;15731;22;11;0
1.955022;27;4684;5389;27;5677;47;5152;43;5729;541;1304;450;116;-232;1744;-1516;-3949;15732;15;12;0
1.960022;30;4649;5384;22;5676;38;5152;42;5725;524;1297;449;116;-235;1775;-1517;-3932;15733;10;-42;0
1.965022;26;4645;5385;22;5680;42;5152;43;5729;525;1300;446;114;-236;1782;-1502;-3912;15739;-30;18;0
1.970022;34;4648;5389;26;5681;39;5152;38;5733;528;1309;443;113;-238;1806;-1501;-3881;15743;42;38;0
1.975022;26;4664;5388;26;5677;43;5152;38;5732;524;1281;444;107;-244;1867;-1461;-3891;15738;56;38;0
1.980022;30;4669;5393;22;5680;39;5152;42;5729;513;1288;455;86;-250;1966;-1306;-3986;15715;15;17;0
1.985022;34;4657;5384;22;5676;46;5152;39;5729;485;1292;465;64;-250;2010;-1124;-4073;15702;50;0;0
1.990022;30;4656;5385;18;5676;46;5152;38;5729;481;1309;479;26;-242;2026;-793;-4195;15688;0;-35;0
1.995022;27;4645;5380;26;5676;46;5140;42;5728;484;1300;487;3;-238;2042;-591;-4267;15675;0;0;0
2.000022;22;4649;5381;19;5673;42;5152;42;5729;485;1305;500;-28;-234;2084;-313;-4378;15647;-57;0;0
2.005022;19;4664;5377;18;5680;50;5152;38;5729;496;1292;509;-54;-231;2112;-96;-4461;15622;0;-34;0
2.010022;22;4668;5372;19;5676;43;5152;38;5729;497;1308;525;-89;-227;2164;205;-4589;15577;78;0;0
2.015022;22;4676;5369;22;5680;43;5152;43;5733;500;1288;535;-107;-224;2186;354;-4671;15547;0;-10;0
2.020022;30;4673;5373;23;5676;39;5152;42;5733;481;1309;547;-136;-215;2181;610;-4771;15509;-60;-14;0
2.025022;51;4673;5373;23;5672;42;5152;39;5732;481;1272;552;-156;-209;2183;797;-4810;15489;-22;-26;0
2.030022;105;4681;5369;26;5673;38;5152;43;5733;481;1292;559;-188;-211;2276;1059;-4866;15442;48;-13;0
2.035022;112;4676;5369;22;5672;39;5152;39;5736;492;1301;562;-209;-208;2307;1240;-4887;15417;58;0;0
2.040022;181;4684;5364;23;5673;38;5152;38;5732;492;1308;565;-236;-202;2323;1482;-4902;15389;-51;0;0
2.045022;189;4685;5368;19;5673;42;5152;39;5740;501;1273;568;-252;-198;2332;1627;-4925;15365;-27;-33;0
2.050022;188;4689;5365;19;5668;42;5152;39;5732;508;1304;572;-272;-195;2351;1804;-4946;15336;13;-64;0
2.055022;229;4684;5361;23;5672;43;5153;42;5741;508;1284;571;-277;-192;2341;1857;-4943;15332;-67;-28;0
2.060022;301;4689;5357;22;5669;47;5153;39;5736;517;1300;568;-288;-181;2276;1983;-4915;15335;-15;-18;0
2.065022;385;4693;5353;27;5669;43;5152;31;5736;505;1285;568;-295;-177;2260;2050;-4915;15329;0;0;0
2.070022;448;4713;5356;26;5676;46;5153;39;5737;512;1296;571;-308;-172;2245;2174;-4931;15309;12;24;0
2.075022;481;4744;5357;22;5669;46;5152;39;5741;516;1289;574;-316;-167;2231;2246;-4955;15292;-23;-38;0
2.080022;477;4697;5353;22;5668;43;5152;47;5736;513;1309;577;-328;-161;2213;2360;-4980;15270;12;0;0
2.085022;504;4640;5352;30;5672;43;5152;38;5740;533;1293;575;-330;-157;2179;2393;-4957;15277;0;20;0
2.090022;440;4573;5345;19;5669;43;5152;31;5737;528;1296;573;-325;-150;2113;2371;-4946;15293;0;0;0
2.095022;433;4537;5349;22;5673;38;5152;43;5740;521;1292;572;-321;-144;2051;2354;-4943;15305;-30;-11;0
2.100022;444;4516;5353;26;5672;39;5152;42;5744;505;1296;570;-315;-133;1949;2327;-4929;15327;31;-35;0
2.105022;397;4500;5349;19;5677;50;5153;43;5741;536;1285;569;-311;-129;1902;2305;-4920;15340;0;-11;0
2.110022;285;4468;5348;27;5676;46;5157;50;5741;548;1373;567;-302;-118;1787;2258;-4912;15363;15;-15;0
2.115022;280;4389;5348;23;5680;43;5157;39;5748;533;1308;566;-301;-117;1778;2258;-4903;15367;0;-24;0
2.120022;320;4316;5352;26;5681;43;5156;39;5741;521;1313;564;-298;-116;1745;2227;-4885;15381;-18;0;0
2.125022;289;4268;5344;46;5677;42;5156;42;5752;525;1300;562;-296;-112;1719;2226;-4874;15387;0;0;0
2.130022;289;4188;5340;22;5676;50;5157;38;5748;544;1300;560;-294;-108;1679;2220;-4863;15396;18;14;0
2.135022;304;4028;5344;27;5677;43;5156;38;5749;544;1292;561;-297;-106;1673;2254;-4863;15392;35;0;0
2.140022;297;3808;5333;23;5676;43;5153;39;5749;537;1293;562;-304;-107;1692;2307;-4871;15379;31;-31;0
2.145022;256;3645;5337;38;5676;35;5157;38;5752;552;1305;561;-308;-107;1706;2346;-4859;15376;-32;-15;0
2.150022;360;3540;5337;26;5669;42;5157;42;5752;552;1317;561;-308;-107;1700;2335;-4870;15374;0;-12;0
2.155022;377;3465;5341;26;5669;42;5160;35;5753;545;1312;564;-305;-107;1703;2314;-4884;15373;-31;-20;0
2.160022;372;3429;5333;18;5669;42;5157;39;5756;553;1312;563;-302;-105;1679;2296;-4881;15379;10;0;0
2.165022;309;3324;5337;19;5664;42;5156;43;5752;541;1292;562;-299;-104;1659;2269;-4878;15386;15;0;0
2.170022;293;3364;5341;18;5672;50;5156;35;5749;568;1277;562;-295;-103;1639;2233;-4877;15394;19;0;0
2.175022;249;3252;5333;15;5672;39;5156;42;5749;548;1293;562;-292;-103;1635;2217;-4880;15396;0;21;0
2.180022;304;3173;5333;23;5665;43;5164;47;5753;545;1304;564;-291;-103;1637;2210;-4909;15387;17;0;0
2.185022;345;3040;5333;26;5669;50;5160;42;5753;537;1297;568;-292;-103;1641;2211;-4932;15380;0;-12;0
2.190022;376;3157;5332;14;5672;43;5156;38;5756;533;1304;571;-293;-102;1648;2227;-4969;15364;15;0;0
2.195022;369;3025;5332;19;5665;42;5160;39;5757;545;1297;577;-295;-102;1656;2230;-5001;15353;0;-18;0
2.200022;388;3008;5332;26;5665;38;5160;42;5753;541;1316;580;-296;-102;1657;2239;-5023;15344;17;-32;0
2.205022;448;2884;5333;22;5669;43;5157;38;5753;545;1292;581;-297;-100;1645;2254;-5038;15338;0;-16;0
2.210021;420;2929;5340;15;5665;39;5157;42;5752;560;1316;582;-300;-100;1650;2272;-5039;15335;0;0;0
2.215022;421;3040;5336;26;5668;46;5156;38;5753;556;1316;583;-301;-100;1659;2283;-5051;15329;0;-11;0
2.220022;432;2924;5341;26;5676;43;5153;38;5752;560;1309;584;-301;-100;1660;2281;-5056;15327;0;-14;0
2.225022;472;2916;5337;22;5665;39;5160;35;5757;549;1305;584;-299;-101;1663;2257;-5054;15331;0;0;0
2.230021;492;2837;5336;18;5673;42;5157;42;5756;552;1297;583;-296;-101;1653;2237;-5054;15335;36;0;0
2.235022;509;2884;5344;18;5673;39;5160;35;5760;553;1308;582;-294;-100;1643;2223;-5046;15341;0;-19;0
2.240022;516;2881;5348;23;5672;39;5164;42;5760;552;1317;581;-292;-101;1637;2204;-5034;15348;-15;0;0
2.245022;520;2884;5349;18;5677;38;5161;43;5757;544;1301;580;-292;-100;1630;2205;-5026;15351;0;0;0
2.250021;524;2761;5348;19;5685;38;5161;38;5761;560;1301;579;-292;-99;1626;2208;-5022;15352;0;0;0
2.255022;532;2821;5352;14;5673;47;5165;34;5761;556;1293;579;-291;-99;1616;2205;-5018;15355;-15;0;0
2.260022;536;2977;5353;15;5684;50;5168;39;5764;545;1324;578;-290;-96;1589;2202;-5015;15359;0;-11;0
2.265022;589;2920;5353;15;5688;43;5164;38;5761;544;1309;577;-288;-93;1566;2197;-5010;15364;-46;21;0
2.270021;540;2876;5357;19;5684;46;5165;39;5764;548;1312;578;-288;-91;1546;2202;-5012;15365;0;-14;0
2.275022;565;2900;5357;19;5681;43;5169;42;5761;541;1285;577;-287;-90;1535;2190;-5008;15369;-27;0;0
2.280022;581;3040;5364;19;5688;42;5169;38;5768;556;1312;576;-283;-89;1511;2167;-4998;15378;16;16;0
2.285022;593;2964;5357;19;5685;42;5165;42;5768;560;1293;574;-281;-88;1501;2152;-4988;15384;0;16;0
2.290021;601;2869;5365;18;5685;50;5172;39;5769;529;1312;573;-278;-88;1488;2125;-4981;15392;12;12;0
2.295022;617;2944;5361;26;5688;47;5173;38;5765;552;1280;572;-276;-87;1477;2115;-4971;15397;-22;0;0
2.300022;652;3013;5365;22;5696;39;5173;34;5765;484;1316;572;-275;-86;1467;2104;-4970;15400;-12;-21;0
2.305022;625;2960;5361;27;5685;50;5168;39;5764;489;1296;574;-275;-87;1477;2107;-4986;15393;0;10;0
2.310021;553;2864;5360;18;5692;43;5173;42;5765;497;1296;579;-277;-89;1501;2113;-5028;15376;-11;-27;0
2.315022;297;2841;5356;18;5684;46;5176;43;5769;456;1388;592;-285;-95;1588;2154;-5129;15329;15;0;0
2.320022;273;2948;5353;18;5685;43;5180;35;5765;480;1325;593;-287;-97;1606;2161;-5136;15323;0;0;0
2.325022;256;3209;5360;31;5688;39;5176;42;5768;460;1320;593;-284;-97;1599;2115;-5157;15323;-38;0;0
2.330021;292;3345;5372;19;5681;47;5177;43;5765;473;1300;601;-280;-100;1628;2090;-5206;15307;105;-90;0
2.335021;317;3481;5396;23;5692;42;5180;38;5768;489;1313;603;-278;-114;1739;2028;-5227;15296;-11;-55;0
2.340022;289;3660;5408;11;5685;43;5177;43;5764;520;1328;605;-273;-130;1855;1949;-5244;15287;63;-93;0
2.345021;265;3712;5408;34;5684;43;5176;42;5764;516;1325;610;-267;-160;2092;1807;-5276;15263;-42;0;0
2.350021;233;3732;5409;23;5677;42;5181;39;5768;505;1300;609;-264;-171;2174;1756;-5272;15259;41;-42;0
2.355021;177;3772;5413;23;5677;35;5176;43;5764;505;1324;605;-260;-178;2215;1703;-5231;15273;21;16;0
2.360022;136;3808;5420;26;5680;50;5180;42;5764;509;1309;601;-254;-187;2267;1632;-5198;15284;37;20;0
2.365021;144;3809;5421;18;5673;46;5180;42;5761;512;1301;593;-248;-188;2255;1586;-5135;15312;0;19;0
2.370021;169;3789;5428;26;5680;46;5177;38;5765;520;1317;588;-245;-184;2212;1581;-5097;15332;15;-57;0
2.375021;209;3837;5421;22;5680;50;5180;39;5760;513;1309;584;-239;-191;2255;1517;-5063;15343;28;-28;0
2.380022;224;3816;5425;30;5668;50;5181;34;5761;513;1304;579;-238;-195;2278;1499;-5022;15355;98;107;0
2.385021;260;3748;5428;34;5676;43;5180;43;5764;529;1313;587;-248;-194;2300;1584;-5088;15322;-26;0;0
2.390021;352;3660;5417;22;5673;47;5181;42;5761;536;1296;595;-253;-189;2275;1625;-5149;15301;-23;-169;0
2.395021;349;3681;5417;23;5665;39;5177;39;5757;524;1304;591;-253;-181;2208;1657;-5120;15317;-29;130;0
2.400022;360;3728;5421;26;5656;43;5181;43;5760;529;1305;592;-252;-182;2214;1640;-5127;15315;91;35;0
2.405021;292;3732;5436;27;5661;42;5176;46;5752;540;1312;600;-252;-186;2259;1623;-5196;15287;139;97;0
2.410021;276;3753;5432;15;5661;50;5177;39;5749;512;1304;605;-248;-181;2212;1590;-5237;15284;127;-169;0
2.415021;261;3764;5433;22;5665;46;5173;50;5741;533;1317;600;-222;-171;2060;1403;-5210;15332;-55;-23;0
2.420022;253;3924;5437;19;5668;50;5169;46;5741;528;1293;591;-195;-171;1982;1181;-5146;15383;-13;-74;0
2.425021;257;3908;5444;22;5661;42;5173;39;5732;528;1324;579;-163;-179;1960;902;-5046;15437;-163;148;0
2.430021;261;3929;5449;18;5664;46;5172;42;5737;525;1312;575;-160;-171;1882;900;-5015;15458;-21;-64;0
2.435021;273;3941;5448;35;5669;46;5169;46;5732;525;1312;576;-159;-173;1908;872;-5025;15453;36;93;0
2.440022;264;3948;5444;15;5668;54;5165;39;5736;540;1300;575;-152;-173;1877;831;-5015;15462;0;17;0
2.445021;288;3977;5441;15;5669;43;5172;39;5725;540;1317;574;-148;-170;1839;800;-5015;15468;44;24;0
2.450021;292;3968;5445;26;5672;39;5165;39;5728;525;1304;578;-152;-168;1838;837;-5048;15456;12;22;0
2.455021;320;3896;5440;22;5668;46;5165;42;5733;525;1312;585;-153;-167;1836;846;-5103;15437;-17;-50;0
2.460021;320;3973;5440;34;5669;42;5165;42;5732;529;1305;587;-152;-172;1879;820;-5124;15426;-135;-125;0
2.465021;377;3960;5448;31;5665;43;5172;35;5733;524;1313;591;-154;-182;1981;781;-5163;15403;152;-10;0
2.470021;376;3944;5440;18;5664;50;5169;39;5729;513;1296;597;-157;-182;1974;823;-5202;15388;57;-33;0
2.475021;329;3965;5441;23;5664;50;5165;38;5725;528;1296;603;-168;-175;1949;934;-5251;15369;-26;-15;0
2.480021;308;3956;5440;15;5665;50;5164;43;5724;501;1276;610;-172;-178;1989;951;-5306;15343;-23;0;0
2.485021;324;3956;5445;18;5669;42;5161;42;5721;500;1300;613;-172;-177;1985;949;-5331;15335;-50;-87;0
2.490021;320;3936;5445;23;5664;50;5161;42;5724;497;1285;610;-172;-173;1953;965;-5306;15347;-32;0;0
2.495021;324;3940;5433;14;5669;46;5165;42;5720;501;1301;610;-164;-183;2008;869;-5306;15346;17;0;0
2.500021;352;3937;5433;30;5669;42;5161;42;5721;497;1292;616;-150;-201;2130;691;-5353;15322;29;39;0
2.505021;320;3988;5444;19;5669;46;5160;39;5709;497;1300;629;-129;-234;2347;404;-5453;15265;0;0;0
2.510021;285;4005;5449;26;5665;38;5156;47;5709;500;1304;633;-118;-247;2428;264;-5490;15242;-65;-80;0
2.515021;273;4024;5440;11;5672;35;5157;42;5716;500;1297;637;-107;-261;2553;56;-5531;15209;50;82;0
2.520021;281;4040;5408;22;5669;42;5160;38;5705;505;1368;648;-72;-284;2600;-258;-5602;15173;-20;-92;0
2.525021;305;4060;5413;23;5677;43;5153;35;5709;528;1313;652;-71;-286;2611;-277;-5636;15158;-117;-129;0
2.530021;297;4125;5421;18;5676;46;5161;39;5717;528;1296;649;-64;-291;2627;-349;-5613;15163;43;30;0
2.535021;304;4204;5409;27;5673;35;5160;38;5716;537;1297;640;-48;-291;2589;-475;-5534;15195;108;75;0
2.540021;313;4265;5404;34;5680;43;5165;38;5721;537;1304;635;-43;-290;2562;-507;-5499;15211;26;0;0
2.545021;296;4332;5404;22;5681;50;5168;35;5720;545;1268;636;-43;-294;2594;-515;-5500;15205;-47;-44;0
2.550021;304;4453;5416;10;5669;38;5161;39;5720;541;1296;634;-41;-295;2599;-541;-5485;15209;-70;0;0
2.555021;272;4589;5421;30;5680;50;5164;46;5717;549;1293;626;-26;-293;2544;-649;-5418;15238;57;60;0
2.560021;245;4720;5417;27;5673;46;5161;38;5728;556;1292;621;-20;-289;2490;-678;-5377;15260;97;29;0
2.565021;248;4800;5425;23;5673;42;5164;42;5725;560;1301;617;-21;-276;2390;-633;-5350;15287;-50;-59;0
2.570021;260;4808;5425;27;5680;39;5169;38;5732;560;1280;615;-24;-269;2335;-578;-5337;15303;-19;-17;0
2.575021;264;4809;5420;26;5677;43;5168;35;5728;524;1301;613;-21;-268;2309;-619;-5302;15317;27;0;0
2.580021;344;4805;5412;23;5681;50;5173;39;5736;525;1273;604;-13;-262;2252;-637;-5252;15342;46;-16;0
2.585021;325;4809;5400;26;5681;39;5173;50;5732;537;1304;596;-17;-250;2168;-568;-5188;15378;18;55;0
2.590021;337;4797;5400;34;5673;34;5180;39;5736;545;1296;593;-21;-246;2140;-514;-5165;15392;-27;41;0
2.595021;320;4741;5400;26;5677;50;5173;46;5737;541;1276;593;-24;-242;2115;-478;-5167;15396;15;16;0
2.600021;377;4628;5396;15;5676;43;5172;39;5737;545;1276;595;-26;-242;2125;-465;-5184;15389;33;52;0
2.605021;368;4408;5389;30;5680;46;5173;39;5740;544;1297;602;-32;-242;2136;-419;-5242;15369;0;0;0
2.610021;345;4280;5388;27;5676;42;5168;35;5740;552;1265;610;-40;-242;2160;-358;-5308;15345;23;47;0
2.615021;312;4221;5401;26;5672;42;5172;39;5737;521;1301;624;-49;-246;2217;-316;-5422;15298;27;71;0
2.620021;304;4201;5405;15;5672;39;5164;39;5733;521;1300;634;-49;-249;2244;-333;-5508;15263;55;175;0
2.625021;288;4192;5412;22;5669;43;5168;39;5724;493;1301;653;-53;-251;2261;-327;-5659;15205;14;57;0
2.630021;289;4165;5416;27;5665;47;5160;35;5713;480;1277;665;-48;-252;2257;-392;-5761;15166;0;-42;0
2.635021;289;4112;5416;22;5668;39;5157;38;5709;469;1293;677;-47;-248;2217;-399;-5864;15132;31;0;0
2.640021;289;4069;5416;18;5673;42;5152;39;5705;456;1281;681;-51;-241;2170;-346;-5894;15128;0;13;0
2.645021;288;4080;5424;26;5680;35;5152;34;5680;472;1297;681;-52;-232;2099;-307;-5901;15136;-18;-52;0
2.650021;328;4069;5428;30;5673;46;5152;42;5680;456;1293;677;-47;-224;2019;-325;-5874;15157;-117;-135;0
2.655021;317;4065;5425;27;5676;43;5152;43;5680;452;1289;672;-46;-214;1931;-291;-5835;15185;-15;-71;0
2.660021;348;4093;5425;22;5677;39;5152;46;5688;468;1292;666;-58;-199;1846;-143;-5790;15215;46;47;0
2.665021;345;4141;5424;23;5669;50;5152;39;5680;485;1297;649;-84;-158;1587;223;-5657;15293;24;45;0
2.670021;269;4152;5421;22;5681;50;5152;46;5677;453;1297;640;-101;-131;1408;452;-5583;15332;-23;20;0
2.675021;276;4125;5424;22;5673;51;5152;42;5672;460;1301;639;-100;-127;1372;455;-5581;15336;0;-101;0
2.680021;264;4076;5425;26;5677;46;5152;35;5669;472;1296;642;-100;-136;1449;429;-5601;15323;14;-31;0
2.685021;272;4025;5428;19;5672;46;5152;39;5672;469;1301;648;-109;-163;1706;419;-5645;15280;131;90;0
2.690021;316;3973;5425;18;5677;31;5116;34;5669;464;1277;648;-120;-153;1655;544;-5644;15282;0;27;0
2.695021;297;3884;5424;22;5677;42;5113;46;5665;460;1293;647;-130;-147;1633;645;-5633;15285;-45;-60;0
2.700021;300;3845;5425;26;5672;39;5112;50;5668;469;1305;646;-134;-144;1620;687;-5628;15286;13;-80;0
2.705021;325;3797;5420;19;5672;46;5108;42;5665;476;1312;646;-139;-137;1572;756;-5622;15290;0;-22;0
2.710021;320;3721;5421;18;5676;51;5113;43;5669;492;1297;645;-144;-132;1543;814;-5618;15292;0;29;0
2.715021;324;3632;5416;30;5672;35;5117;42;5669;489;1316;646;-157;-124;1518;945;-5624;15284;0;59;0
2.720021;348;3581;5417;27;5677;46;5117;39;5653;496;1301;647;-168;-122;1532;1043;-5631;15274;-37;39;0
2.725021;365;3517;5424;27;5677;50;5133;38;5657;484;1389;645;-201;-124;1651;1316;-5603;15251;-28;-66;0
2.730021;349;3496;5425;18;5681;46;5117;35;5657;473;1329;642;-206;-122;1644;1368;-5579;15256;59;-21;0
2.735021;357;3521;5433;19;5677;50;5133;42;5656;469;1316;643;-208;-122;1650;1377;-5587;15251;11;-19;0
2.740021;360;3508;5433;26;5680;39;5136;35;5657;488;1320;643;-205;-125;1664;1351;-5583;15253;-71;-32;0
2.745021;368;3504;5424;27;5680;46;5116;50;5645;433;1316;644;-206;-128;1690;1346;-5593;15248;24;0;0
2.750021;361;3505;5428;18;5680;46;5113;38;5637;429;1309;645;-199;-135;1734;1265;-5601;15247;-31;53;0
2.755021;368;3540;5421;19;5677;42;5113;43;5628;409;1328;639;-194;-140;1781;1205;-5519;15276;163;0;0
2.760021;361;3581;5421;22;5685;42;5108;39;5624;389;1316;629;-185;-153;1826;1111;-5465;15297;-14;-50;0
2.765021;353;3597;5428;26;5689;46;5105;38;5621;393;1320;620;-172;-161;1854;974;-5366;15338;-54;114;0
2.770021;357;3616;5428;14;5688;42;5100;38;5616;392;1300;610;-164;-164;1855;916;-5311;15361;-59;-71;0
2.775021;356;3612;5428;23;5688;42;5105;38;5617;401;1309;605;-162;-167;1871;898;-5270;15374;48;37;0
2.780021;348;3616;5425;19;5693;39;5109;39;5613;409;1305;604;-162;-168;1877;895;-5261;15376;18;-22;0
2.785021;352;3640;5428;27;5689;50;5105;46;5613;405;1309;598;-151;-172;1883;801;-5213;15397;16;-30;0
2.790021;344;3641;5428;22;5692;39;5104;42;5609;393;1300;594;-147;-176;1898;758;-5180;15409;0;55;0
2.795021;333;3648;5429;15;5689;46;5101;39;5609;405;1313;593;-145;-181;1934;728;-5170;15409;18;22;0
2.800021;341;3672;5432;23;5688;43;5097;42;5608;397;1305;590;-139;-185;1956;670;-5148;15416;23;0;0
2.805021;356;3697;5428;18;5692;35;5100;39;5609;393;1317;582;-123;-194;1982;518;-5079;15442;-45;-13;0
2.810021;364;3725;5436;22;5689;43;5100;35;5605;401;1301;578;-114;-197;1981;438;-5047;15455;-28;-52;0
2.815021;344;3757;5436;23;5692;39;5089;38;5600;404;1309;578;-109;-202;2016;376;-5048;15452;58;11;0
2.820021;340;3800;5436;26;5692;35;5093;34;5601;404;1296;577;-103;-205;2023;323;-5035;15456;-51;-31;0
2.825021;345;3833;5429;19;5701;42;5093;35;5600;397;1301;575;-92;-211;2046;213;-5022;15459;-26;0;0
2.830021;365;3836;5429;18;5696;43;5093;39;5600;409;1305;575;-86;-217;2081;143;-5021;15455;24;37;0
2.835021;341;3825;5437;22;5696;42;5093;42;5601;416;1316;578;-81;-223;2119;82;-5043;15444;28;19;0
2.840021;328;3813;5436;26;5700;42;5096;42;5597;412;1289;579;-83;-225;2138;90;-5051;15438;24;32;0
2.845021;308;3816;5436;15;5696;43;5088;38;5597;413;1304;578;-80;-233;2196;47;-5039;15435;-47;-24;0
2.850021;309;3812;5433;18;5697;39;5093;43;5596;409;1300;576;-75;-239;2233;-13;-5016;15437;17;32;0
2.855021;313;3797;5432;22;5700;42;5093;43;5588;405;1324;573;-69;-245;2269;-73;-4994;15438;0;21;0
2.860021;320;3781;5433;27;5700;42;5100;43;5585;401;1301;575;-71;-247;2293;-70;-5005;15431;49;22;0
2.865021;305;3776;5441;22;5693;50;5088;46;5588;408;1308;576;-72;-250;2317;-66;-5015;15425;57;35;0
2.870021;309;3780;5436;22;5697;39;5096;39;5581;417;1308;573;-67;-256;2357;-119;-4990;15426;-53;-24;0
2.875021;312;3793;5440;22;5697;43;5092;42;5580;416;1313;571;-64;-259;2376;-152;-4971;15429;0;-16;0
2.880021;324;3816;5440;15;5696;34;5092;35;5580;420;1312;571;-62;-261;2385;-172;-4975;15426;28;13;0
2.885021;312;3833;5445;23;5697;50;5097;39;5581;420;1300;573;-61;-265;2418;-198;-4984;15418;11;46;0
2.890021;320;3884;5444;19;5696;46;5092;46;5576;409;1304;574;-62;-266;2431;-194;-4994;15413;-45;-66;0
2.895021;328;3936;5445;18;5700;46;5093;42;5576;421;1313;575;-56;-275;2491;-269;-5000;15400;-26;-12;0
2.900021;324;3960;5441;15;5700;42;5089;39;5576;424;1308;577;-53;-281;2531;-312;-5012;15389;52;72;0
2.905021;316;3996;5441;26;5693;38;5096;42;5573;413;1313;578;-50;-288;2581;-363;-5022;15376;-23;0;0
2.910021;320;4013;5444;22;5697;43;5093;35;5577;405;1313;580;-46;-293;2613;-408;-5030;15367;14;13;0
2.915021;332;4021;5453;26;5704;43;5096;34;5573;397;1316;584;-40;-304;2682;-497;-5063;15342;-55;-35;0
2.920021;333;4025;5441;18;5705;39;5093;35;5573;389;1301;588;-34;-315;2758;-585;-5091;15316;-11;-19;0
2.925021;345;4049;5449;18;5700;51;5100;35;5577;405;1313;594;-28;-328;2846;-681;-5138;15280;20;13;0
2.930021;289;4080;5449;15;5697;42;5085;35;5577;412;1397;601;-21;-331;2851;-766;-5190;15257;45;16;0
2.935021;304;4092;5449;27;5701;47;5084;42;5573;412;1321;600;-24;-327;2806;-686;-5181;15272;59;63;0
2.940021;329;4093;5445;27;5700;43;5085;42;5577;405;1305;597;-35;-313;2746;-587;-5169;15292;-44;-53;0
2.945021;340;4068;5449;15;5701;46;5089;42;5576;412;1289;593;-46;-303;2688;-458;-5140;15316;-29;-12;0
2.950021;341;4032;5456;26;5700;39;5089;35;5576;424;1301;571;-84;-284;2634;-42;-4959;15392;161;0;0
2.955021;313;4017;5456;18;5704;46;5093;39;5572;428;1297;550;-115;-273;2622;277;-4780;15448;-46;-21;0
2.960021;324;4024;5460;30;5701;39;5097;39;5576;428;1305;535;-129;-284;2742;395;-4650;15464;0;-17;0
2.965021;328;4020;5456;22;5701;50;5093;43;5572;425;1301;530;-139;-291;2824;473;-4602;15462;22;42;0
2.970021;336;3940;5456;26;5700;42;5097;39;5577;429;1316;527;-132;-308;2952;373;-4575;15448;-45;-30;0
2.975021;324;3881;5452;19;5704;47;5100;35;5580;425;1301;527;-127;-316;3004;320;-4570;15441;24;0;0
2.980021;324;3845;5453;23;5700;50;5096;38;5580;429;1297;525;-126;-316;3007;305;-4540;15450;-28;0;0
2.985021;329;3852;5457;14;5696;39;5105;39;5573;437;1292;525;-122;-323;3053;263;-4548;15439;-18;-36;0
2.990021;336;3865;5456;15;5701;42;5097;35;5577;437;1312;527;-123;-330;3114;247;-4561;15423;19;46;0
2.995021;324;3877;5456;22;5701;38;5097;35;5577;433;1293;529;-122;-332;3133;234;-4580;15414;82;13;0
